,condition,drugName
0,ADHD,"Guanfacine, Methylphenidate, Wellbutrin SR, Desoxyn, Amphetamine / dextroamphetamine, Kapvay, Intuniv, Bupropion, Strattera, Concerta, Strattera, Intuniv, Intuniv, Concerta, Wellbutrin, Modafinil, Amphetamine / dextroamphetamine, Omega-3 polyunsaturated fatty acids, Vyvanse, Methamphetamine, Metadate CD, Vyvanse, Lisdexamfetamine, Adderall, Lisdexamfetamine, Atomoxetine, Methylphenidate, Guanfacine, Guanfacine, Methylphenidate, Guanfacine, Vyvanse, Amphetamine / dextroamphetamine, Desoxyn, Methamphetamine, Intuniv, Desoxyn, Adderall, Methamphetamine, Ritalin, Bupropion, Bupropion, Ritalin, Strattera, Vyvanse, Atomoxetine, Atomoxetine, Dexedrine, Strattera, Clonidine, Methylphenidate, Adderall, Lisdexamfetamine, Guanfacine, Dexmethylphenidate, Amphetamine / dextroamphetamine, Amphetamine / dextroamphetamine, Amphetamine / dextroamphetamine, Guanfacine, Methylphenidate, Adderall XR, Guanfacine, Dextroamphetamine, Kapvay, Desoxyn, Intuniv, Amphetamine / dextroamphetamine, Adderall, Guanfacine, Lisdexamfetamine, Focalin, Ritalin, Methylphenidate, Lisdexamfetamine, Methamphetamine, Kapvay, Adderall, Dextroamphetamine, Bupropion, Strattera, Intuniv, Intuniv, Dexedrine, Methamphetamine, Methylphenidate, Wellbutrin SR, Vyvanse, Guanfacine, Methamphetamine, Dexedrine, Atomoxetine, Bupropion, Wellbutrin SR, Adderall, Methylphenidate, Lisdexamfetamine, Lisdexamfetamine, Guanfacine, Concerta, Atomoxetine, Adderall, Strattera, Clonidine, Modafinil, Atomoxetine, Atomoxetine, Vyvanse, Intuniv, Atomoxetine, Bupropion, Kapvay, Strattera, Adderall, Dexmethylphenidate, Vyvanse, Amphetamine / dextroamphetamine, Amphetamine / dextroamphetamine, Wellbutrin, Concerta, Bupropion, Methylphenidate, Bupropion, Bupropion, Concerta, Adderall, Intuniv, Methylphenidate, Atomoxetine, Intuniv, Bupropion, Concerta, Dextroamphetamine, Adderall, Vyvanse, Atomoxetine, Provigil, Vyvanse, Vyvanse, Lisdexamfetamine, Amphetamine / dextroamphetamine, Ritalin, Vyvanse, Guanfacine, Methylphenidate, Strattera, Focalin XR, Intuniv, Desoxyn, Strattera, Bupropion, Guanfacine, Amphetamine / dextroamphetamine, Guanfacine, Guanfacine, Provigil, Clonidine, Lisdexamfetamine, Methylphenidate, Concerta, Atomoxetine, Concerta, Strattera, Strattera, Methylphenidate, Wellbutrin XL, Vyvanse, Dextroamphetamine, Modafinil, Intuniv, Lisdexamfetamine, Bupropion, Atomoxetine, Guanfacine, Atomoxetine, Bupropion, Vyvanse, Amphetamine / dextroamphetamine, Intuniv, Amphetamine / dextroamphetamine, Atomoxetine, Desoxyn"
1,Abnormal Uterine Bleeding,"Provera, Levonorgestrel, Medroxyprogesterone, Levonorgestrel, Provera, Provera, Megace, Medroxyprogesterone, Mirena, Medroxyprogesterone, Megestrol, Mirena"
2,Acne,"Adapalene / benzoyl peroxide, Yasmin, Isotretinoin, Accutane, Isotretinoin, Retin-A, Isotretinoin, Isotretinoin, Spironolactone, Aldactone, Accutane, Tretinoin, Atralin, Accutane, Isotretinoin, Aldactone, Yasmin, Accutane, Ethinyl estradiol / norethindrone, Tretinoin, Spironolactone, Tretinoin, Adapalene, Adapalene, Drospirenone / ethinyl estradiol, Isotretinoin, Isotretinoin, Accutane, Drospirenone / ethinyl estradiol, Doxycycline, Accutane, Loestrin 24 Fe, Tretinoin, Spironolactone, Spironolactone, Accutane, Differin, Spironolactone, Clindamycin, Epiduo"
3,Actinic Keratosis,"Fluorouracil, Efudex"
4,Acute Coronary Syndrome,"Plavix, Clopidogrel"
5,Agitated State,Abilify
6,Alcohol Dependence,"Campral, Disulfiram, Antabuse, Acamprosate, Campral, Acamprosate, Antabuse, Antabuse, Naltrexone, Acamprosate, Acamprosate, Antabuse, Acamprosate, Naltrexone, Disulfiram, Vivitrol, Campral, Antabuse, Revia, Antabuse, Campral, Antabuse, Naltrexone, Campral, Campral, Disulfiram, Campral, Revia, Naltrexone, Disulfiram, Acamprosate, Naltrexone, Disulfiram, Revia, Campral, Disulfiram, Campral, Antabuse, Disulfiram, Campral, Acamprosate, Acamprosate, Acamprosate, Campral, Naltrexone, Acamprosate, Disulfiram, Naltrexone, Campral, Acamprosate, Disulfiram, Campral, Campral, Antabuse, Campral, Antabuse, Vivitrol, Disulfiram, Acamprosate, Naltrexone, Campral, Disulfiram, Campral, Vivitrol, Disulfiram, Acamprosate, Vivitrol, Disulfiram, Acamprosate, Revia, Disulfiram, Antabuse, Antabuse, Disulfiram, Acamprosate, Disulfiram, Campral, Naltrexone, Campral, Vivitrol, Antabuse, Naltrexone, Antabuse, Naltrexone, Naltrexone, Vivitrol, Acamprosate, Antabuse, Campral, Antabuse, Acamprosate, Disulfiram, Acamprosate, Acamprosate, Campral, Acamprosate, Disulfiram, Naltrexone, Naltrexone, Campral"
7,Alcohol Withdrawal,"Librium, Gabapentin, Lioresal, Baclofen, Neurontin, Gabapentin, Gabapentin, Librium, Neurontin, Librium, Librium, Chlordiazepoxide, Chlordiazepoxide, Gabapentin, Chlordiazepoxide, Librium, Chlordiazepoxide, Chlordiazepoxide, Librium, Gabapentin, Baclofen, Baclofen, Chlordiazepoxide, Librium"
8,Allergic Rhinitis,"Montelukast, Singulair, Singulair"
9,Allergic Urticaria,Atarax
10,Alopecia,"Minoxidil, Spironolactone, Spironolactone, Spironolactone, Minoxidil, Rogaine, Minoxidil, Minoxidil, Minoxidil, Minoxidil, Minoxidil, Rogaine, Aldactone, Minoxidil, Rogaine, Minoxidil, Minoxidil"
11,Alzheimer's Disease,"Namenda, Aricept, Donepezil, Donepezil, Aricept, Donepezil, Aricept"
12,Androgenetic Alopecia,"Propecia, Finasteride"
13,Angina Pectoris Prophylaxis,"Imdur, Isosorbide mononitrate"
14,Anorexia,"Cyproheptadine, Cyproheptadine, Cyproheptadine"
15,Anxiety,"Clonazepam, Alprazolam, Gabapentin, Hydroxyzine, Lexapro, Lexapro, Effexor XR, Buspirone, Remeron, Alprazolam, Atarax, BuSpar, BuSpar, Effexor XR, Tenormin, Paxil, Ativan, Diazepam, Clonazepam, Diazepam, Buspirone, Atarax, Vistaril, Tranxene, Gabapentin, Klonopin, Ativan, Paxil, Buspirone, Diazepam, Duloxetine, Valium, Clonazepam, Paroxetine, Clonazepam, Gabapentin, Gabapentin, Valium, Valium, Duloxetine, Duloxetine, Atenolol, Venlafaxine, Duloxetine, Alprazolam, Buspirone, Escitalopram, Buspirone, Ativan, Lorazepam, Lexapro, Klonopin, Vistaril, Paxil, Vistaril, Cymbalta, Diazepam, BuSpar, Cymbalta, Gabapentin, Paxil, Cymbalta, Escitalopram, Gabapentin, Venlafaxine, Tramadol, Lexapro, BuSpar, Venlafaxine, Paxil, Escitalopram, Tramadol, Gabapentin, Hydroxyzine, BuSpar, Vilazodone, Klonopin, Ativan, Diazepam, Viibryd, Remeron, Xanax, Gabapentin, Lorazepam, Hydroxyzine, BuSpar, Clonazepam, Klonopin, Ativan, Diazepam, Mirtazapine, Effexor XR, Venlafaxine, Venlafaxine, Escitalopram, Lexapro, Xanax, Paroxetine, BuSpar, Alprazolam, Buspirone, Escitalopram, Diazepam, Lexapro, Diazepam, Bupropion, Lorazepam, Valium, Valium, Valium, Vistaril, Diazepam, BuSpar, Mirtazapine, Escitalopram, Lorazepam, Catapres, Diazepam, Escitalopram, Effexor XR, Buspirone, Trazodone, Diazepam, Paroxetine, Mirtazapine, Lexapro, Mirtazapine, Valium, Escitalopram, Paxil, Duloxetine, Ativan, Gabapentin, Hydroxyzine, Hydroxyzine, Klonopin, Lorazepam, Ativan, Risperidone, Venlafaxine, Pristiq, Xanax, Alprazolam, BuSpar, Alprazolam, Lexapro, Gabapentin, Gabapentin, Escitalopram, Neurontin, BuSpar, Alprazolam, Duloxetine, BuSpar, Clonazepam, Gabapentin, Hydroxyzine, Xanax, Diazepam, Gabapentin, BuSpar, Alprazolam, Paxil, Gabapentin, Lorazepam, Gabapentin, Diazepam, Diazepam, Escitalopram, Cymbalta, Paroxetine, Clonazepam, Lexapro, Klonopin, Klonopin, Venlafaxine, Buspirone, Lorazepam, Klonopin, Buspirone, Bupropion, Remeron, Mirtazapine, Effexor XR, Duloxetine, BuSpar, Lorazepam, Effexor XR, Paroxetine, Gabapentin, Alprazolam, Gabapentin, Escitalopram, Alprazolam, Alprazolam, Venlafaxine, Gabapentin, Vistaril, BuSpar, Escitalopram, BuSpar, Lexapro, Buspirone, Clonazepam, Lexapro, BuSpar, Paxil, BuSpar, Ativan, Hydroxyzine, Desyrel, Effexor XR, Escitalopram, BuSpar, Diazepam, Propranolol, Buspirone, Paroxetine, Buspirone, BuSpar, Lorazepam, Diazepam, Atarax, Ativan, Vistaril, Duloxetine, Duloxetine, Trazodone, Valium, Ativan, Venlafaxine, Neurontin, Ativan, Hydroxyzine, Lexapro, Diazepam, Valium, Venlafaxine, Buspirone, Valium, Buspirone, Hydroxyzine, Lexapro, Xanax, Klonopin, Klonopin, Hydroxyzine, Clonidine, Klonopin, BuSpar, Effexor XR, Duloxetine, Duloxetine, Klonopin, Lexapro, Buspirone, Gabapentin, Xanax, Mirtazapine, BuSpar, Clonazepam, Lexapro, Vistaril, Alprazolam, Hydroxyzine, Alprazolam, Cymbalta, Mirtazapine, Escitalopram, BuSpar, Paroxetine, Gabapentin, Clonazepam, Cymbalta, Buspirone, Gabapentin, Klonopin, Escitalopram, Clonazepam, Gabapentin, Paroxetine, Diazepam, Xanax, Escitalopram, Hydroxyzine, Clonazepam, Cymbalta, Mirtazapine, Paxil, Valium, Paxil, Xanax, Vistaril, Diazepam, BuSpar, Cymbalta, Gabapentin, Lexapro, Mirtazapine, Vistaril, Propranolol, Clonazepam, Valium, Venlafaxine, Hydroxyzine, Paxil, Buspirone, Paroxetine, Escitalopram, Effexor XR, Xanax, Lorazepam, Lexapro, Gabapentin, Klonopin, Hydroxyzine, Buspirone, Gabapentin, Paroxetine, BuSpar, Lexapro, Escitalopram, Paroxetine, Gabapentin, Gabapentin, Buspirone, Valium, Xanax, Valium, BuSpar, Alprazolam, Klonopin, Neurontin, Cymbalta, Paxil, Viibryd, Alprazolam, BuSpar, Diazepam, Cymbalta, BuSpar, Cymbalta, Duloxetine, Alprazolam, Diazepam, Venlafaxine, Klonopin, Clonazepam, BuSpar, Xanax, Trazodone, Alprazolam, Desvenlafaxine, Neurontin, Buspirone, Valium, Remeron, Lexapro, Gabapentin, Diazepam, Hydroxyzine, Paroxetine, Atarax, Alprazolam, Vilazodone, Clonazepam, Paxil, Hydroxyzine, Escitalopram, Valium, Trazodone, Ativan, Clonazepam, Atarax, Escitalopram, Effexor XR, Escitalopram, Ativan, Paroxetine, Venlafaxine, BuSpar, Effexor XR, Remeron, Venlafaxine, Venlafaxine, Gabapentin, BuSpar, Cymbalta, Klonopin, Diazepam, Trileptal, Buspirone, Lorazepam, Buspirone, Clonazepam, Buspirone, Buspirone, Venlafaxine, Alprazolam, Escitalopram, Hydroxyzine, Duloxetine, Paroxetine, Escitalopram, Hydroxyzine, Valium, Gabapentin, Clorazepate, Paroxetine, Cymbalta, Gabapentin, Clonazepam, Xanax, Klonopin, Mirtazapine, Effexor XR, Diazepam, Xanax, Effexor XR, Venlafaxine, Valium, Cymbalta, Lorazepam, Trazodone, Clonazepam, Gabapentin, Mirtazapine, Cymbalta, Vilazodone, Clonazepam, Paxil, Ativan, Valium, BuSpar, Cymbalta, Diazepam, Effexor XR, Lorazepam, Gabapentin, Wellbutrin, Atenolol, Atarax, BuSpar, Trazodone, Gabapentin, BuSpar, Clonazepam, Klonopin, Paxil, Clonazepam, Buspirone, Xanax, Diazepam, Ativan, Escitalopram, BuSpar, Klonopin, Paxil, Remeron, Diazepam, Effexor XR, Hydroxyzine, Ativan, BuSpar, Hydroxyzine, Alprazolam, Oxazepam, Buspirone, BuSpar, Gabapentin, Gabapentin, Lexapro, Venlafaxine, Mirtazapine, Buspirone, Valium, BuSpar, Clonazepam, Clonazepam, Paxil, Gabapentin, BuSpar, Clonazepam, Lexapro, Buspirone, BuSpar, Ativan, Escitalopram, Viibryd, Mirtazapine, BuSpar, Lorazepam, Paroxetine, Escitalopram, Clonazepam, Gabapentin, Escitalopram, Valium, BuSpar, Buspirone, Escitalopram, Xanax, Buspirone, Escitalopram, BuSpar, Effexor XR, Lorazepam, Xanax, BuSpar, Lexapro, Paroxetine, Lexapro, Gabapentin, Ativan, Escitalopram, Mirtazapine, Gabapentin, Buspirone, Paxil, Lexapro, Klonopin, Ativan, Ativan, Diazepam, Gabapentin, Klonopin, Hydroxyzine, Buspirone, Valium, Buspirone, Gabapentin, Trazodone, BuSpar, Ativan, Diazepam, Lexapro, Xanax, Mirtazapine, Buspirone, Gabapentin, Diazepam, Gabapentin, Buspirone, Buspirone, Cymbalta, Paxil, Valium, Diazepam, Vistaril, Buspirone, BuSpar, Bupropion, Hydroxyzine, Effexor XR, Diazepam, Vistaril, Clonidine, Alprazolam, Buspirone, Klonopin, Diazepam, Paxil, Trazodone, Klonopin, BuSpar, Mirtazapine, Paroxetine, Klonopin, Gabapentin, BuSpar, Klonopin, Effexor XR, Clonazepam, Serax, Buspirone, BuSpar, Gabapentin, Cymbalta, Mirtazapine, Escitalopram, BuSpar, Xanax, Gabapentin, BuSpar, Valium, Vistaril, Gabapentin, Lorazepam, Xanax, Gabapentin, Vistaril, Diazepam, Effexor XR, Duloxetine, Escitalopram, BuSpar, Klonopin, Diazepam, Bupropion, Valium, Vistaril, Klonopin, Gabapentin, Cymbalta, Escitalopram, Buspirone, Gabapentin, Buspirone, Duloxetine, Xanax, Oxazepam, BuSpar, Buspirone, Valium, Escitalopram, BuSpar, Gabapentin, Gabapentin, Venlafaxine, Clonazepam, Lorazepam, Paxil, Atenolol, Klonopin, Lexapro, Clonazepam, Xanax, Alprazolam, BuSpar, Paxil, Escitalopram, Neurontin, Paroxetine, Ativan, Tenormin, BuSpar, Paroxetine, Lexapro, Valium, BuSpar, Mirtazapine, Klonopin, Venlafaxine, Valium, Valium, Mirtazapine, Venlafaxine, Ativan, Paxil, Lexapro, Buspirone, BuSpar, Vistaril, Lexapro, Paroxetine, Oxazepam, Paxil, Buspirone, Lexapro, Klonopin, Buspirone, Gabapentin, Diazepam, Lexapro, Xanax, Gabapentin, Diazepam, Mirtazapine, Xanax, Trazodone, Lexapro, Diazepam, Buspirone, BuSpar, Diazepam, Trazodone, BuSpar, Mirtazapine, Hydroxyzine, Paxil, Gabapentin, Lexapro, Tramadol, Lorazepam, Diazepam, Gabapentin, Valium, Valium, Effexor XR, Lexapro, Lexapro, Alprazolam, Paroxetine, Escitalopram, Vistaril, Buspirone, Paroxetine, Valium, Buspirone, Clorazepate, Neurontin, Mirtazapine, Buspirone, Mirtazapine, Venlafaxine, Valium, Duloxetine, BuSpar, Klonopin, Gabapentin, Gabapentin, Xanax, Alprazolam, BuSpar, Trazodone, Alprazolam, Vistaril, Cymbalta, Effexor XR, Cymbalta, Gabapentin, Atarax, Duloxetine, BuSpar, Valium, Valium, Escitalopram, Valium, Venlafaxine, Gabapentin"
16,Anxiety and Stress,"Citalopram, Fluoxetine, Citalopram, Fluoxetine, Fluoxetine, Prozac, Citalopram, Citalopram, Citalopram, Fluoxetine, Celexa, Citalopram, Sertraline, Fluoxetine, Amitriptyline, Citalopram, Fluoxetine, Fluoxetine, Celexa, Prozac, Celexa, Citalopram, Prozac, Celexa, Celexa, Sertraline, Citalopram, Citalopram, Paroxetine, Sertraline, Citalopram, Citalopram, Celexa, Citalopram, Citalopram, Sertraline, Celexa, Fluoxetine, Elavil, Fluvoxamine, Sertraline, Amitriptyline, Fluoxetine, Citalopram, Citalopram, Paroxetine, Fluoxetine, Citalopram, Fluoxetine, Sertraline, Citalopram, Celexa, Citalopram, Sertraline, Citalopram, Celexa, Sertraline, Prozac, Amitriptyline, Prazosin, Sertraline, Celexa, Amitriptyline, Prozac, Citalopram, Fluoxetine, Prozac, Celexa, Citalopram, Amitriptyline, Celexa, Celexa, Amitriptyline, Prozac, Citalopram, Citalopram, Prozac, Celexa, Prozac, Fluoxetine, Fluoxetine, Celexa, Fluoxetine, Citalopram, Prozac, Citalopram, Amitriptyline, Celexa, Citalopram, Citalopram, Celexa, Prozac, Celexa, Citalopram, Celexa, Paxil, Celexa, Fluoxetine, Celexa, Elavil, Paxil, Fluoxetine, Paroxetine, Fluoxetine, Celexa, Fluoxetine, Fluoxetine, Luvox, Fluoxetine, Prozac, Fluoxetine, Fluoxetine, Fluoxetine, Sertraline, Prazosin, Citalopram, Citalopram, Celexa, Celexa, Elavil, Prozac, Prozac, Citalopram, Venlafaxine, Fluoxetine, Citalopram, Fluoxetine, Prozac, Prozac, Prozac, Effexor, Fluoxetine, Citalopram, Celexa, Fluoxetine, Prozac, Prozac, Zoloft, Celexa, Citalopram, Citalopram, Citalopram, Citalopram, Citalopram, Celexa, Fluoxetine, Citalopram, Celexa, Citalopram, Luvox, Citalopram, Citalopram, Citalopram, Paroxetine, Effexor, Sertraline, Citalopram, Celexa, Citalopram, Fluoxetine, Citalopram, Prozac, Fluoxetine, Prozac, Celexa, Fluoxetine, Sertraline, Elavil, Elavil, Celexa, Prozac, Prozac, Citalopram, Fluoxetine, Sertraline, Celexa, Celexa, Amitriptyline, Celexa, Celexa, Citalopram, Prozac, Celexa, Prozac, Celexa, Prazosin, Paxil, Citalopram, Prozac, Citalopram, Paroxetine, Prozac, Citalopram, Prozac, Celexa, Fluoxetine, Prozac, Citalopram, Prozac, Fluoxetine, Fluoxetine, Amitriptyline, Amitriptyline, Paroxetine, Celexa, Prozac, Zoloft, Fluoxetine, Fluoxetine, Citalopram, Prozac, Citalopram, Fluoxetine, Citalopram, Fluoxetine, Fluoxetine, Fluoxetine, Prozac, Fluoxetine, Prozac, Citalopram, Citalopram, Paxil, Fluoxetine, Prozac, Prozac, Celexa, Prozac, Fluoxetine, Celexa, Fluoxetine, Fluoxetine, Fluoxetine, Celexa, Fluoxetine, Citalopram, Prozac, Fluoxetine, Celexa, Prozac, Amitriptyline, Prozac, Sertraline, Celexa, Citalopram, Celexa, Fluoxetine, Fluoxetine, Celexa, Celexa, Prozac, Prozac, Sertraline, Luvox, Fluoxetine, Celexa, Fluoxetine, Fluoxetine, Sertraline, Celexa, Fluoxetine, Citalopram, Celexa, Prozac, Citalopram, Amitriptyline, Citalopram, Celexa, Prozac, Prozac, Prozac, Citalopram, Fluoxetine, Amitriptyline, Citalopram, Celexa, Citalopram, Celexa, Fluoxetine, Celexa, Fluoxetine, Citalopram, Prozac, Prozac, Celexa, Celexa, Celexa, Prozac, Citalopram, Fluoxetine, Celexa, Amitriptyline, Prozac, Paxil, Celexa, Celexa, Paxil, Fluvoxamine, Citalopram, Celexa, Prozac, Celexa, Fluoxetine, Citalopram, Fluoxetine, Prozac, Celexa, Paxil, Zoloft"
17,Arrhythmia,"Dofetilide, Tikosyn, Tikosyn, Amiodarone, Dofetilide, Tikosyn, Dofetilide"
18,Asperger Syndrome,Risperdal
19,Asthma,Prednisone
20,"Asthma, Maintenance",Xolair
21,Atrial Fibrillation,"Diltiazem, Sotalol, Cartia XT, Rivaroxaban, Tambocor, Flecainide, Tambocor, Sotalol Hydrochloride AF, Flecainide, Cardizem, Diltiazem, Xarelto, Rivaroxaban, Sotalol, Sotalol Hydrochloride AF, Toprol-XL, Flecainide, Sotalol, Metoprolol, Sotalol, Flecainide, Xarelto"
22,Atrophic Vaginitis,"Estradiol, Estradiol, Estrace Vaginal Cream, Estrace Vaginal Cream, Estrace Vaginal Cream, Estradiol, Estradiol, Estradiol, Estradiol, Estrace Vaginal Cream, Estradiol, Estradiol, Estrace Vaginal Cream, Estradiol, Estrace Vaginal Cream, Estrace Vaginal Cream, Estradiol"
23,Autism,"Aripiprazole, Abilify, Risperidone, Abilify, Risperidone, Abilify, Risperidone"
24,Back Pain,"Nabumetone, Tramadol, Tramadol, Norco, Cymbalta, Acetaminophen / hydrocodone, Norco, Ultram, Tramadol, Ultram, Ultram, Acetaminophen / hydrocodone, Relafen, Ultram, Duloxetine, Tramadol, Ultram, Tramadol, Tramadol, Ultram, Acetaminophen / hydrocodone, Ultram ER"
25,Bacterial Infection,"Clindamycin, Doxycycline, Doxycycline, Metronidazole, Vibramycin, Flagyl, Clindamycin, Cephalexin, Doxycycline"
26,Bacterial Skin Infection,"Bactrim, Bactrim, Sulfamethoxazole / trimethoprim, Sulfamethoxazole / trimethoprim"
27,Barrett's Esophagus,"Dexlansoprazole, Protonix, Pantoprazole"
28,Basal Cell Carcinoma,"Fluorouracil, Fluorouracil, Efudex"
29,Benign Essential Trem,"Propranolol, Primidone, Primidone, Inderal"
30,Benign Prostatic Hyperplasia,"Cialis, Tadalafil, Cialis, Tadalafil, Flomax, Uroxatral, Tadalafil, Tadalafil, Cialis, Cialis, Cialis, Cardura, Tamsulosin, Doxazosin, Dutasteride, Finasteride, Flomax, Flomax, Avodart, Cialis, Flomax, Tadalafil, Tamsulosin, Alfuzosin, Flomax, Cialis, Tamsulosin, Dutasteride, Flomax, Flomax, Tamsulosin, Tamsulosin, Cialis, Flomax, Tamsulosin, Rapaflo, Dutasteride, Avodart, Flomax, Avodart, Flomax, Tamsulosin, Silodosin, Tamsulosin, Cialis, Cialis, Dutasteride, Tadalafil, Flomax, Cialis, Alfuzosin, Dutasteride, Flomax, Cialis, Avodart, Tamsulosin, Flomax, Tadalafil, Tamsulosin, Uroxatral, Finasteride, Rapaflo, Tadalafil, Tamsulosin, Tamsulosin, Tamsulosin, Flomax, Dutasteride, Tadalafil, Tamsulosin"
31,Bipolar Disorde,"Lamotrigine, Lamictal, Risperdal, Trileptal, Lamictal, Lamotrigine, Tegretol, Topiramate, Lurasidone, Depakote, Klonopin, Gabapentin, Latuda, Oxcarbazepine, Trileptal, Lamictal, Latuda, Depakote, Seroquel, Seroquel, Latuda, Lamotrigine, Lamotrigine, Divalproex sodium, Latuda, Aripiprazole, Gabapentin, Latuda, Oxcarbazepine, Depakote, Lamictal, Quetiapine, Lamictal, Risperdal, Topamax, Lamictal, Latuda, Lurasidone, Lamotrigine, Latuda, Latuda, Latuda, Lurasidone, Lamotrigine, Lamictal, Lamotrigine, Lurasidone, Gabapentin, Lamotrigine, Gabapentin, Topamax, Lamotrigine, Lamotrigine, Lurasidone, Latuda, Depakote, Trileptal, Lamictal, Olanzapine, Trileptal, Seroquel, Lamotrigine, Lamictal, Lamictal, Lurasidone, Latuda, Risperdal, Trileptal, Risperidone, Lithium, Topamax, Lamictal, Oxcarbazepine, Latuda, Lamictal, Trileptal, Latuda, Lamotrigine, Lamotrigine, Topiramate, Lurasidone, Lexapro, Neurontin, Armodafinil, Ziprasidone, Lamotrigine, Lurasidone, Gabapentin, Risperidone, Lamictal, Lamotrigine, Lamotrigine, Topiramate, Lamotrigine, Nuvigil, Lamictal, Lurasidone, Latuda, Lamotrigine, Lamotrigine, Topamax, Seroquel, Topiramate, Lamotrigine, Lamotrigine, Clonazepam, Lamictal, Latuda, Quetiapine, Lamotrigine, Gabapentin, Lamotrigine, Abilify, Quetiapine, Lamictal, Lamictal, Lamotrigine, Quetiapine, Lamotrigine, Latuda, Lamictal, Lamictal, Lamictal, Lamictal, Saphris, Olanzapine, Zyprexa, Asenapine, Lamictal, Lamotrigine, Lurasidone, Latuda, Lamictal, Lamictal, Lurasidone, Topamax, Asenapine, Depakote, Lurasidone, Risperidone, Lamictal, Lamotrigine, Lamictal, Lamotrigine, Latuda, Aripiprazole, Geodon, Latuda, Lamictal, Topiramate, Lurasidone, Abilify, Lurasidone, Latuda, Lamotrigine, Zyprexa, Latuda, Lurasidone, Lamictal, Lamictal, Lamotrigine, Latuda, Asenapine, Lamictal, Lamotrigine, Lithium, Divalproex sodium, Divalproex sodium, Lurasidone, Lamictal, Lurasidone, Topiramate, Zyprexa, Lurasidone, Lamotrigine, Divalproex sodium, Lurasidone, Seroquel, Lurasidone, Lamictal, Quetiapine, Saphris, Lamotrigine, Lamictal, Lamotrigine, Lithium, Lamotrigine"
32,Birth Control,"Etonogestrel, Ethinyl estradiol / norelgestromin, Tri-Sprintec, Mirena, Implanon, Loestrin 24 Fe, Implanon, Nexplanon, NuvaRing, Mirena, Mirena, Levonorgestrel, Implanon, Levonorgestrel, Lo Loestrin Fe, Ethinyl estradiol / levonorgestrel, NuvaRing, Mirena, Mirena, Mirena, Levonorgestrel, Tri-Sprintec, Levonorgestrel, Implanon, Drospirenone / ethinyl estradiol, Ethinyl estradiol / norgestimate, Implanon, Mirena, Ethinyl estradiol / norgestimate, Implanon, Levonorgestrel, Mirena, Mirena, Yaz, Implanon, Etonogestrel, Mirena, Ethinyl estradiol / norethindrone, Etonogestrel, Levonorgestrel, Mirena, Ethinyl estradiol / norethindrone, NuvaRing, Etonogestrel, Ethinyl estradiol / etonogestrel, Ethinyl estradiol / norgestimate, Loestrin 24 Fe, Aviane, Ethinyl estradiol / etonogestrel, Loestrin 24 Fe, Mirena, Lo Loestrin Fe, Levonorgestrel, Levonorgestrel, Etonogestrel, Ethinyl estradiol / levonorgestrel, Etonogestrel, Etonogestrel, Ethinyl estradiol / etonogestrel, Orsythia, Ethinyl estradiol / norgestimate, Mirena, Levonorgestrel, Ethinyl estradiol / norethindrone, Ethinyl estradiol / norethindrone, Mirena"
33,Bladder Infection,"Amoxicillin, Hiprex, Ciprofloxacin, Hiprex, Methenamine, Ciprofloxacin, Ciprofloxacin, Amoxil"
34,Borderline Personality Disorde,Deplin
35,Breast Cance,"Letrozole, Femara, Exemestane, Letrozole, Anastrozole, Femara, Letrozole, Arimidex, Femara, Tamoxifen, Letrozole, Letrozole, Tamoxifen, Anastrozole, Arimidex, Anastrozole, Femara, Aromasin, Femara, Femara, Femara, Anastrozole, Letrozole, Arimidex, Femara, Letrozole, Letrozole, Anastrozole, Anastrozole, Arimidex, Exemestane, Nolvadex, Arimidex, Anastrozole, Arimidex"
36,"Breast Cancer, Adjuvant","Femara, Letrozole, Letrozole, Femara, Letrozole, Femara"
37,"Breast Cancer, Metastatic","Letrozole, Femara, Letrozole, Femara, Letrozole, Capecitabine, Femara, Faslodex, Letrozole, Xeloda"
38,Bronchitis,"Zithromax, Levaquin, Zithromax, Zithromax, Guaifenesin, Azithromycin, Mucinex, Guaifenesin, Levofloxacin, Guaifenesin, Mucinex, Levofloxacin, Mucinex, Mucinex, Levaquin"
39,Bulimia,"Fluoxetine, Prozac, Fluoxetine, Prozac, Prozac"
40,Burning Mouth Syndrome,Amitriptyline
41,COPD,"Umeclidinium / vilanterol, Symbicort, Anoro Ellipta"
42,"COPD, Maintenance","Tiotropium, Tiotropium, Spiriva, Spiriva, Spiriva, Spiriva, Spiriva, Tiotropium, Tiotropium, Tiotropium, Tiotropium, Spiriva"
43,Chronic Fatigue Syndrome,"Lisdexamfetamine, Nuvigil, Armodafinil, Vyvanse"
44,Chronic Pain,"Oxycodone, Methadone, Duloxetine, OxyContin, MS Contin, Hydromorphone, OxyContin, OxyContin, Oxycodone, Cymbalta, OxyContin, Duloxetine, Methadone, Fentanyl, Oxycodone, Tramadol, Oxycodone, Tramadol, Roxicodone, Hydromorphone, Dilaudid, Ultram, Methadone, Oxycodone, MS Contin, OxyContin, Methadone, OxyContin, Oxycodone, Tramadol, OxyContin, Acetaminophen / oxycodone, Morphine, Butrans, Hydromorphone, Dilaudid, Hydromorphone, Oxycodone, Methadone Diskets, Roxicodone, Fentanyl, Dilaudid, OxyContin, Oxycodone, Methadone, Oxycodone, Buprenorphine, Dilaudid, Roxicodone, Oxycodone, Dilaudid, MS Contin, OxyContin, Fentanyl Transdermal System, Oxycodone, Ultram"
45,Constipation,"Phillips' Milk of Magnesia, MiraLax, Magnesium citrate, Magnesium citrate, MiraLax, MiraLax, MiraLax, MiraLax, Polyethylene glycol 3350, MiraLax, MiraLax, Magnesium citrate, Polyethylene glycol 3350, Magnesium oxide, Polyethylene glycol 3350, Polyethylene glycol 3350, Citrate of Magnesia, Polyethylene glycol 3350, Polyethylene glycol 3350, Colace, MiraLax, Polyethylene glycol 3350, Magnesium hydroxide, MiraLax, Polyethylene glycol 3350, Polyethylene glycol 3350, MiraLax, Polyethylene glycol 3350, Docusate, Polyethylene glycol 3350, Magnesium oxide, MiraLax, Docusate, MiraLax, MiraLax, Polyethylene glycol 3350, Magnesium citrate, MiraLax, MiraLax, Polyethylene glycol 3350, Polyethylene glycol 3350, Polyethylene glycol 3350, Phillips' Milk of Magnesia"
46,"Constipation, Acute","Polyethylene glycol 3350, Lactulose, Polyethylene glycol 3350"
47,"Constipation, Chronic","Linaclotide, Linzess, Amitiza, Linaclotide, Lactulose, Constulose, Linaclotide, Linzess, Linzess, Linaclotide, Linzess, Linaclotide, Linaclotide, Linaclotide, Linaclotide, Linzess, Linaclotide, Linaclotide, Linaclotide, Linzess, Linzess, Linzess, Linaclotide, Linzess, Lubiprostone"
48,"Constipation, Drug Induced","Lubiprostone, Amitiza"
49,Cough,Vicodin
50,Crohn's Disease,"Adalimumab, Humira"
51,"Crohn's Disease, Maintenance",Humira
52,Deep Vein Thrombosis,Rivaroxaban
53,Dental Abscess,"Metronidazole, Flagyl"
54,Depression,"Effexor XR, Desvenlafaxine, Escitalopram, Zoloft, Zoloft, Zoloft, Fluoxetine, Zoloft, Fluoxetine, Trintellix, Aripiprazole, Venlafaxine, Wellbutrin, Deplin, Viibryd, Xanax, Citalopram, Lexapro, Zoloft, Elavil, Escitalopram, Remeron, Bupropion, Sertraline, Venlafaxine, Sertraline, Duloxetine, Fluoxetine, Amitriptyline, Zoloft, Sertraline, Lexapro, Sertraline, Citalopram, Pristiq, Venlafaxine, Venlafaxine, Citalopram, Cymbalta, Wellbutrin, Mirtazapine, Viibryd, Viibryd, Trazodone, Remeron, Vortioxetine, Sertraline, Pristiq, Escitalopram, Zoloft, Cymbalta, Sertraline, Trintellix, Cymbalta, Viibryd, Sertraline, Zyprexa, Bupropion, Escitalopram, Escitalopram, Venlafaxine, Venlafaxine, Aripiprazole, Trazodone, Fluoxetine, Escitalopram, Tramadol, Trintellix, Wellbutrin XL, Fluoxetine, Trintellix, Desyrel, Methylphenidate, Bupropion, Lithium, Levomilnacipran, Celexa, Vortioxetine, Fluoxetine, Cymbalta, Escitalopram, Olanzapine, Trazodone, Trintellix, Bupropion, Bupropion, Lamotrigine, Tranylcypromine, Viibryd, Tramadol, Pristiq, Celexa, Bupropion, Bupropion, Citalopram, Abilify, Citalopram, Trintellix, Zoloft, Remeron, Duloxetine, Aripiprazole, Alprazolam, Wellbutrin XL, Zoloft, Zoloft, Vortioxetine, Bupropion, Effexor, Desvenlafaxine, Viibryd, Xanax, Zoloft, Aripiprazole, Vortioxetine, Escitalopram, Trintellix, Duloxetine, Zoloft, Sertraline, Fluoxetine, Mirtazapine, Seroquel XR, Lexapro, Sertraline, Elavil, Niacin, Citalopram, Venlafaxine, Sertraline, Paxil, Venlafaxine, Abilify, Deplin, Bupropion, Trazodone, Effexor, Tramadol, Lexapro, Vilazodone, Abilify, Wellbutrin XL, Celexa, L-methylfolate, Trintellix, Mirtazapine, Citalopram, Bupropion, Sertraline, Trazodone, Lexapro, Bupropion, Trintellix, Xanax, Bupropion, Mirtazapine, Vortioxetine, Deplin, Vortioxetine, Wellbutrin, Citalopram, Desvenlafaxine, Remeron, Fluoxetine, Sertraline, Escitalopram, Escitalopram, Escitalopram, Desvenlafaxine, Fluoxetine, Effexor, Effexor, St. john's wort, Fluoxetine, Vortioxetine, Abilify, Wellbutrin XL, Wellbutrin SR, Celexa, Escitalopram, Aripiprazole, Sertraline, Xanax, Effexor, Abilify, Trintellix, Bupropion, Bupropion, Duloxetine, Vilazodone, Prozac, Zoloft, Duloxetine, Doxepin, Escitalopram, Celexa, Prozac, Bupropion, Lexapro, Zyprexa, Bupropion, Levomilnacipran, Aripiprazole, Bupropion, Bupropion, Bupropion, Bupropion, Vortioxetine, Lexapro, Remeron, Desvenlafaxine, Wellbutrin, Bupropion, Zoloft, Trintellix, Zoloft, Elavil, Lexapro, Zoloft, Pristiq, Bupropion, Vilazodone, Mirtazapine, Bupropion, Duloxetine, Lamotrigine, Zoloft, Aripiprazole, Citalopram, Zoloft, Prozac, Zoloft, Pristiq, Prozac, Zoloft, Abilify, St. john's wort, Prozac, Lexapro, Trintellix, Selegiline, Escitalopram, Wellbutrin XL, Prozac, Duloxetine, Lexapro, Prozac, Sertraline, Xanax, Fluoxetine, Abilify, Seroquel XR, Tramadol, Risperidone, Lexapro, Trintellix, Bupropion, Alprazolam, Lexapro, Wellbutrin, Trintellix, Trintellix, Bupropion, Duloxetine, Escitalopram, Citalopram, Desvenlafaxine, Sertraline, Trintellix, Bupropion, Wellbutrin SR, Sertraline, Zoloft, Sertraline, Duloxetine, Wellbutrin, Fetzima, Seroquel XR, Viibryd, Lamotrigine, Wellbutrin, Lexapro, Vilazodone, Bupropion, Celexa, Pristiq, Zoloft, Bupropion, Bupropion, Niacin, Sertraline, Viibryd, Fluoxetine, Desvenlafaxine, Abilify, Wellbutrin, Celexa, Celexa, Escitalopram, L-methylfolate, Bupropion, Trazodone, Cymbalta, Remeron, Pristiq, Wellbutrin XL, Zoloft, Celexa, Nardil, Sertraline, Venlafaxine, Escitalopram, Sertraline, Wellbutrin, Bupropion, Methylin ER, Zoloft, Bupropion, Aripiprazole, Deplin, Desvenlafaxine, Zoloft, Wellbutrin XL, Abilify, Aripiprazole, Sertraline, Wellbutrin, Wellbutrin, Citalopram, L-methylfolate, Sertraline, Viibryd, Celexa, Bupropion, Abilify, Wellbutrin, Cymbalta, Fluoxetine, Bupropion, Quetiapine, Desvenlafaxine, Sertraline, Wellbutrin, Trazodone, Pristiq, Bupropion, Alprazolam, Prozac, Zoloft, Tramadol, L-methylfolate, Viibryd, Vortioxetine, Bupropion, Escitalopram, Wellbutrin, Elavil, Celexa, Trintellix, Desvenlafaxine, Bupropion, Viibryd, Vortioxetine, Duloxetine, Wellbutrin XL, Alprazolam, Duloxetine, Sertraline, Aripiprazole, Desvenlafaxine, Lexapro, Bupropion, Wellbutrin SR, Vortioxetine, Alprazolam, Viibryd, Bupropion, Bupropion, Zoloft, Wellbutrin, Trintellix, Deplin, Desvenlafaxine, Citalopram, Wellbutrin, Wellbutrin XL, Anafranil, Pristiq, Alprazolam, Zoloft, Xanax, Trazodone, Levomilnacipran, Vortioxetine, Viibryd, Pristiq, Citalopram, Sertraline, Trintellix, Zoloft, Vilazodone, Desvenlafaxine, Fluoxetine, Desvenlafaxine, Amitriptyline, Wellbutrin, Methylphenidate, Zoloft, Mirtazapine, Mirtazapine, Escitalopram, Lexapro, Duloxetine, Remeron, Celexa, Venlafaxine, Viibryd, Bupropion, Seroquel XR, Vortioxetine, Sertraline, Zoloft, Fluoxetine, Desvenlafaxine, Paxil, Abilify, Sertraline, Cymbalta, Pristiq, Desvenlafaxine, Abilify, Paxil, Sertraline, Quetiapine, Abilify, Wellbutrin SR, Amitriptyline, Celexa, Niacin, Vilazodone, Remeron, Bupropion, Fluoxetine, Abilify, Cymbalta, Wellbutrin, Desvenlafaxine, Effexor, Desvenlafaxine, Wellbutrin, Zoloft, Bupropion, Zoloft, Sinequan, Trintellix, L-methylfolate, Mirtazapine, Wellbutrin, Trintellix, Citalopram, Alprazolam, Lexapro, Trintellix, Sertraline, Alprazolam, Sertraline, Aripiprazole, Vortioxetine, Sertraline, Celexa, Niacin, Prozac, Aripiprazole, Escitalopram, Trintellix, Zoloft, Sertraline, Wellbutrin, Zoloft, Sertraline, Vilazodone, Lexapro, Vilazodone, Escitalopram, Bupropion, Mirtazapine, Zoloft, Lexapro, Aripiprazole, Citalopram, Effexor, Wellbutrin XL, Abilify, Wellbutrin, Zoloft, Celexa, Prozac, Provigil, Alprazolam, Trazodone, St. john's wort, Celexa, Fluoxetine, Bupropion, Remeron, Wellbutrin XL, Zoloft, Sertraline, Desvenlafaxine, Escitalopram, Wellbutrin XL, Viibryd, Venlafaxine, Deplin, Vortioxetine, Tramadol, Bupropion, Celexa, L-methylfolate, Bupropion, Pristiq, Pristiq, Venlafaxine, Bupropion, Deplin, Aripiprazole, Mirtazapine, Viibryd, Venlafaxine, Lexapro, Desvenlafaxine, L-methylfolate, Wellbutrin SR, Mirtazapine, Amitriptyline, Zoloft, Wellbutrin SR, Sertraline, Wellbutrin XL, Wellbutrin, Desvenlafaxine, Remeron, Effexor, Viibryd, Remeron, Bupropion, Lexapro, L-methylfolate, Pristiq, Citalopram, Pristiq, Bupropion, Escitalopram, Paroxetine, Citalopram, Prozac, Modafinil, Cymbalta, Lexapro, Aripiprazole, Wellbutrin, Cymbalta, Mirtazapine, L-methylfolate, Cymbalta, Bupropion, Pristiq, Trintellix, Cymbalta, Duloxetine, Wellbutrin, Desvenlafaxine, Aripiprazole, Cymbalta, Lexapro, Remeron, Celexa, Wellbutrin SR, Levomilnacipran, Wellbutrin XL, Paxil, Citalopram, Prozac, Vortioxetine, Sertraline, Citalopram, Trintellix, Wellbutrin, L-methylfolate, Zoloft, Vilazodone, Desvenlafaxine, Viibryd, Sertraline, Vortioxetine, Effexor, Remeron, Zoloft, Aripiprazole, Citalopram, Sertraline, Wellbutrin XL, Desvenlafaxine, Bupropion, Trintellix, Escitalopram, Vilazodone, Bupropion, Deplin, Lexapro, Vortioxetine, Vortioxetine, Viibryd, Methylphenidate, Alprazolam, Paxil, Fluoxetine, Deplin, Desvenlafaxine, Quetiapine, Wellbutrin, Cymbalta, Wellbutrin, Bupropion, Duloxetine, Lamotrigine, Xanax, Abilify, Viibryd, Alprazolam, Viibryd, Celexa, Effexor, Vortioxetine, Sertraline, Zoloft, Venlafaxine, Methylphenidate, Wellbutrin, Deplin, Bupropion, Tramadol, Trazodone, Fluoxetine, Bupropion, Abilify, Trintellix, St. john's wort, Celexa, L-methylfolate, Vortioxetine, Vortioxetine, Bupropion, Lexapro, Effexor, Vilazodone, Celexa, Desvenlafaxine, Zoloft, Wellbutrin, Pristiq, Aripiprazole, Tramadol, Viibryd, Citalopram, Wellbutrin, Vilazodone, Zoloft, Sertraline, Wellbutrin, Wellbutrin XL, Duloxetine, Duloxetine, Remeron, Venlafaxine, Mirtazapine, Cymbalta, Imipramine, Cymbalta, Abilify, Bupropion, Wellbutrin, Bupropion, Wellbutrin, Aripiprazole, Escitalopram, Alprazolam, Bupropion, Methylin ER, Vortioxetine, Vortioxetine, Fluoxetine, Escitalopram, Sertraline, Effexor, Sertraline, Escitalopram, Sertraline, Mirtazapine, Paroxetine, Escitalopram, Wellbutrin, Venlafaxine, Remeron, Zoloft, Aripiprazole, Vortioxetine, Viibryd, Escitalopram, Pristiq, Wellbutrin XL, Bupropion, Lexapro, Fluoxetine, Cymbalta, Sertraline, Zoloft, Sertraline, Sertraline, Abilify, Wellbutrin, Bupropion, Xanax, Fluoxetine, Sertraline, Alprazolam, Xanax, Effexor, Paxil, Duloxetine, Wellbutrin, Desvenlafaxine, Prozac, Vilazodone, Escitalopram, Fluoxetine, Abilify, Prozac, Remeron, Zoloft, Fluoxetine, Zoloft, Tramadol, Aripiprazole, Quetiapine, Wellbutrin XL, Duloxetine, Pristiq, Abilify, Trintellix, Sertraline, Bupropion, Escitalopram, Sertraline, Zoloft, Sertraline, Trintellix, Lexapro, Prozac, Wellbutrin, Escitalopram, Seroquel XR, Fluoxetine, Paroxetine, Bupropion, Wellbutrin, Tramadol, Wellbutrin XL, Zoloft, Bupropion, Lamotrigine, Wellbutrin, Wellbutrin, Venlafaxine, Bupropion, Sertraline, Sertraline, Aripiprazole, Sertraline, Sertraline, Paroxetine, Wellbutrin SR, Mirtazapine, Vortioxetine, Pristiq, Remeron, Clomipramine, Zoloft, Mirtazapine, Viibryd, Desvenlafaxine, Bupropion, Vilazodone, Wellbutrin XL, Sertraline, Vortioxetine, Sertraline, Effexor XR, Citalopram, Celexa, L-methylfolate, Vilazodone, Zoloft, Quetiapine, Sertraline, Methylphenidate, Zoloft, Wellbutrin, Duloxetine, Prozac, Zoloft, Vilazodone, Trintellix, Duloxetine, Lexapro, Vortioxetine, Paroxetine, Trintellix, Sertraline, Prozac, Desvenlafaxine, Abilify, Alprazolam, Prozac, Celexa, Elavil, Wellbutrin XL, Effexor XR, Bupropion, Tramadol, St. john's wort, Effexor, L-methylfolate, Bupropion, Desvenlafaxine, Viibryd, Bupropion, Bupropion, Mirtazapine, Escitalopram, Wellbutrin, Effexor XR, Pristiq, L-methylfolate, Fluoxetine, Aripiprazole, Vortioxetine, Fluoxetine, Aripiprazole, Lexapro, Wellbutrin, Xanax, Escitalopram, Duloxetine, L-methylfolate, St. john's wort, Sertraline, Zoloft, Abilify, Bupropion, Celexa, Desvenlafaxine, Bupropion, Prozac, Prozac, Cymbalta, Deplin, Trintellix, Wellbutrin SR, Lexapro, Citalopram, Bupropion, Lamotrigine, Olanzapine, Sertraline, Citalopram, Trintellix, Zoloft, Zoloft, Venlafaxine, Celexa, Duloxetine, Desvenlafaxine, Remeron, Duloxetine, Pristiq, Risperdal, Zoloft, Alprazolam, Vilazodone, Aripiprazole, Lexapro, Mirtazapine, Celexa, Paroxetine, Zoloft, Vilazodone, Xanax, Trintellix, Lexapro, Zoloft, Prozac, Fluoxetine, Sertraline, Sertraline, Trazodone, Duloxetine, Trintellix, Bupropion, Trintellix, Amitriptyline, Pristiq, Sertraline, Duloxetine, Wellbutrin XL, Sertraline, Alprazolam, Bupropion, Wellbutrin XL, Xanax, Citalopram, Phenelzine, Remeron, Bupropion, Bupropion, Lexapro, Effexor, Zoloft, Lexapro, Zoloft, Prozac, Desvenlafaxine, Abilify, Bupropion, Desvenlafaxine, Deplin, Lexapro, Pristiq, Remeron, Trintellix, Effexor, Pristiq, Wellbutrin, Viibryd, Duloxetine, Zoloft, Lexapro, Tramadol, Duloxetine, Citalopram, Zoloft, Aripiprazole, Desyrel, Lamotrigine, Aripiprazole, Remeron, St. john's wort, Zoloft, Mirtazapine, Wellbutrin, Paxil, Paxil, Vortioxetine, Zoloft, Vortioxetine, Prozac, Wellbutrin, Lexapro, Paroxetine, Zoloft, Wellbutrin, Bupropion, Desvenlafaxine, Bupropion, Pristiq, Deplin, Alprazolam, Celexa, Bupropion, Vilazodone, Zoloft, Xanax, Trazodone, L-methylfolate, Venlafaxine, Bupropion, Abilify, Vortioxetine, Citalopram, L-methylfolate, Abilify, Wellbutrin, Zoloft, Viibryd, Wellbutrin, Celexa, Sertraline, Cymbalta, Deplin, Deplin, Pristiq, Bupropion, Citalopram, Oleptro, Vilazodone, Remeron, Escitalopram, Citalopram, L-methylfolate, Escitalopram, Viibryd, Effexor XR, Xanax, Zoloft, Prozac, Prozac, Remeron, Deplin, Viibryd, Escitalopram, Bupropion, Vilazodone, Zyprexa, Tramadol, Celexa, Celexa, Vilazodone, Vortioxetine, Celexa, Pristiq, Abilify, Citalopram, Remeron, Trazodone, Remeron, Fluoxetine, Paxil, Vilazodone, Lamotrigine, Niacin, Deplin, Citalopram, Zoloft"
55,"Diabetes, Type 1","Afrezza, Afrezza, Insulin inhalation, rapid acting"
56,"Diabetes, Type 2","Sitagliptin, Victoza, Liraglutide, Glipizide, Glucophage, Invokana, Metformin, Victoza, Glipizide, Amaryl, Amaryl, Liraglutide, Invokana, Metformin, Liraglutide, Glucophage, Exenatide, Canagliflozin, Glucotrol, Victoza, Metformin, Bydureon, Glimepiride, Victoza, Bydureon, Liraglutide, Canagliflozin, Chromium picolinate, Invokana, Metformin, Glimepiride, GlipiZIDE XL, Liraglutide, Victoza, Glucotrol, Glucophage XR, Chromium picolinate, Liraglutide, Victoza, Metformin, Invokana, Glucophage, Victoza, Glucotrol, Invokana, Glucophage, Exenatide, Canagliflozin, Invokana, Victoza, Glipizide, Canagliflozin, Invokana, Chromium picolinate, Invokana, Sitagliptin, Victoza, Chromium picolinate, Chromium picolinate, Glipizide, Metformin, Canagliflozin"
57,Diabetic Kidney Disease,"Cozaar, Losartan"
58,Diabetic Peripheral Neuropathy,"Pregabalin, Topiramate, Lyrica, Topamax, Lyrica, Lyrica"
59,Diarrhea,"Lomotil, Florastor, Saccharomyces boulardii lyo, Atropine / diphenoxylate, Atropine / diphenoxylate"
60,"Diarrhea, Chronic","Colesevelam, Imodium, Welchol, Welchol, Colesevelam, Colesevelam, Welchol, Welchol, Loperamide, Welchol, Colesevelam, Welchol, Welchol"
61,Dietary Supplementation,"Multivitamin, Multivitamin, Multivitamin"
62,Duodenal Ulce,"Sucralfate, Carafate"
63,Edema,"Lasix, Furosemide, Furosemide, Furosemide, Lasix, Furosemide, Furosemide, Lasix"
64,Emergency Contraception,"Plan B One-Step, Plan B One-Step, Levonorgestrel, Levonorgestrel, Plan B One-Step, Plan B One-Step, Plan B One-Step, Plan B, Plan B One-Step, Plan B One-Step, Plan B One-Step, Plan B One-Step, Plan B, Levonorgestrel, Levonorgestrel, Levonorgestrel, Levonorgestrel, Levonorgestrel"
65,Erectile Dysfunction,"Sildenafil, Cialis, Cialis, Sildenafil, Tadalafil, Viagra, Tadalafil, Cialis, Levitra, Levitra, Cialis, Cialis, Cialis, Levitra, Viagra, Levitra, Tadalafil, Edex, Tadalafil, Viagra, Tadalafil, Alprostadil, Cialis, Vardenafil, Cialis, Viagra, Tadalafil, Sildenafil, Cialis, Cialis, Tadalafil, Viagra, Cialis, Cialis, Cialis, Sildenafil, Vardenafil, Levitra, Tadalafil, Cialis, Staxyn, Viagra, Vardenafil, Cialis, Sildenafil, Vardenafil, Tadalafil, Staxyn, Sildenafil, Vardenafil, Viagra, Tadalafil, Sildenafil, Sildenafil, Viagra, Tadalafil, Sildenafil, Muse, Tadalafil, Alprostadil, Cialis, Viagra, Vardenafil, Cialis, Sildenafil, Tadalafil, Tadalafil, Viagra, Sildenafil, Vardenafil, Levitra, Viagra, Sildenafil, Tadalafil, Cialis, Tadalafil, Vardenafil, Staxyn, Tadalafil, Cialis, Muse, Staxyn, Viagra, Tadalafil, Tadalafil, Levitra, Cialis, Levitra, Cialis, Sildenafil, Alprostadil, Cialis, Vardenafil, Vardenafil, Tadalafil, Vardenafil, Alprostadil, Vardenafil, Viagra, Levitra, Viagra, Cialis, Cialis, Tadalafil, Tadalafil, Sildenafil, Vardenafil, Staxyn, Tadalafil, Cialis, Staxyn, Sildenafil, Cialis, Vardenafil, Cialis, Alprostadil, Viagra, Sildenafil, Viagra, Viagra, Vardenafil, Vardenafil, Vardenafil, Viagra, Tadalafil, Staxyn, Staxyn, Cialis, Sildenafil, Vardenafil, Viagra, Viagra"
66,Erosive Esophagitis,Ranitidine
67,GERD,"Prilosec, Ranitidine, Carafate, Zantac 150, Dexilant, Protonix, Ranitidine, Pantoprazole, Zantac, Ranitidine, Zantac 150, Sucralfate, Dexilant, Dexlansoprazole, Dexlansoprazole"
68,Gas,"Gas-X, Simethicone"
69,Gastroparesis,"Reglan, Metoclopramide"
70,Generalized Anxiety Disorde,"Seroquel, Duloxetine, Duloxetine, Quetiapine, Lexapro, Lexapro, Quetiapine, Escitalopram, Quetiapine, Escitalopram, Lexapro, Pregabalin, Quetiapine, Duloxetine, Lexapro, Effexor XR, Escitalopram, Quetiapine, Effexor XR, Pregabalin, Escitalopram, Duloxetine, Effexor XR, Pregabalin, Lexapro, Pregabalin, Escitalopram, Venlafaxine, Quetiapine, Lexapro, Pregabalin, Lexapro, Escitalopram, Lexapro, Pregabalin, Pregabalin, Lexapro, Pregabalin, Lyrica, Lexapro, Citalopram, Escitalopram, Quetiapine, Pregabalin, Escitalopram, Escitalopram, Escitalopram, Citalopram, Cymbalta, Cymbalta, Escitalopram, Lexapro, Lexapro, Escitalopram, Cymbalta, Effexor XR, Escitalopram, Pregabalin, Lexapro, Cymbalta, Cymbalta, Pregabalin, Pregabalin, Escitalopram, Citalopram, Lexapro, Citalopram, Citalopram, Escitalopram, Lexapro, Lexapro, Lexapro, Escitalopram, Lexapro, Pregabalin, Lexapro, Escitalopram, Duloxetine, Lexapro, Duloxetine, Lexapro, Escitalopram, Escitalopram, Venlafaxine, Seroquel XR, Lexapro, Citalopram, Escitalopram, Quetiapine, Lexapro, Lexapro, Cymbalta, Sertraline, Escitalopram, Seroquel, Sertraline, Seroquel, Lexapro, Pregabalin, Escitalopram, Escitalopram, Effexor XR, Pregabalin, Duloxetine, Venlafaxine, Citalopram, Duloxetine, Citalopram, Lexapro, Cymbalta, Escitalopram, Lyrica, Effexor XR, Lexapro, Escitalopram, Cymbalta, Venlafaxine, Escitalopram, Pregabalin, Celexa, Venlafaxine"
71,Gout,"Allopurinol, Zyloprim"
72,"Gout, Acute",Naproxen
73,Gouty Arthritis,Prednisone
74,Hashimoto's disease,"Thyroid desiccated, Nature-Throid, Armour Thyroid, Armour Thyroid, Armour Thyroid, Thyroid desiccated, Armour Thyroid, Thyroid desiccated, Thyroid desiccated, Armour Thyroid, Levothyroxine, Tirosint, Armour Thyroid, Armour Thyroid, Thyroid desiccated, Thyroid desiccated, Thyroid desiccated, Thyroid desiccated, Thyroid desiccated, Armour Thyroid, Armour Thyroid, Armour Thyroid, Tirosint, Armour Thyroid, Thyroid desiccated, Thyroid desiccated, Armour Thyroid, Thyroid desiccated, Nature-Throid, Armour Thyroid, Nature-Throid, Levothyroxine, Armour Thyroid, Thyroid desiccated, Nature-Throid, Armour Thyroid, Armour Thyroid"
75,Headache,"Fioricet, Trazodone, Fioricet, Acetaminophen / butalbital / caffeine"
76,Heart Attack,"Plavix, Plavix, Metoprolol Tartrate, Clopidogrel, Plavix, Plavix, Plavix, Clopidogrel, Clopidogrel, Plavix, Plavix, Plavix, Clopidogrel, Clopidogrel, Clopidogrel, Clopidogrel, Plavix, Clopidogrel, Clopidogrel, Clopidogrel, Clopidogrel, Plavix, Clopidogrel, Clopidogrel, Metoprolol"
77,Hepatitis C,Harvoni
78,Herbal Supplementation,"Turmeric, Turmeric"
79,Herpes Simplex,"Acyclovir, Acyclovir, Abreva"
80,"Herpes Simplex, Suppression","Valtrex, Valtrex, Valacyclovir, Valtrex, Valacyclovir, Lysine, Valtrex, Valacyclovir, Valtrex, Valacyclovir, Valtrex, Valacyclovir, Valtrex, Lysine"
81,High Blood Pressure,"Lisinopril, Toprol-XL, Amlodipine, Valsartan, Losartan, Losartan, Metoprolol, Losartan, Valsartan, Cozaar, Toprol-XL, Losartan, Lisinopril, Valsartan, Lisinopril, Cozaar, Losartan, Amlodipine, Amlodipine, Losartan, Cozaar, Losartan, Clonidine, Diovan, Valsartan, Losartan, Bystolic, Clonidine, Lisinopril, Lisinopril, Amlodipine, Lisinopril, Metoprolol Tartrate, Norvasc, Nebivolol, Lisinopril, Toprol-XL, Diltiazem, Lisinopril, Losartan, Cozaar, Toprol-XL, Bystolic, Losartan, Amlodipine, Losartan, Losartan, Metoprolol, Altace, Cozaar, Losartan, Lisinopril, Losartan, Norvasc, Cozaar, Tenormin, Irbesartan, Lisinopril, Nebivolol, Diovan, Amlodipine, Hydrochlorothiazide, Lisinopril, Amlodipine, Nebivolol, Amlodipine, Losartan, Azor, Irbesartan, Norvasc, Benicar, Atenolol, Nebivolol, Amlodipine, Cozaar, Cozaar, Lisinopril, Bisoprolol, Norvasc, Ramipril, Cozaar, Cozaar, Norvasc, Amlodipine, Metoprolol, Prinivil, Lisinopril, Bystolic, Losartan, Losartan, Lisinopril, Ramipril, Aldactone, Olmesartan, Losartan, Avapro, Losartan, Losartan, Carvedilol, Spironolactone, Amlodipine, Norvasc, Norvasc, Losartan, Amlodipine, Losartan, Amlodipine / olmesartan, Nebivolol, Spironolactone, Amlodipine, Norvasc, Amlodipine, Hydrochlorothiazide"
82,High Cholesterol,"Ezetimibe, Rosuvastatin, Ezetimibe, Crestor, Pravastatin, Pravachol, Pravachol, Atorvastatin, Pitavastatin, Lipitor, Lipitor, Crestor, Atorvastatin, Crestor, Livalo, Rosuvastatin, Crestor, Lipitor, Zetia, Crestor, Zetia, Atorvastatin, Atorvastatin, Atorvastatin, Lipitor, Lipitor, Livalo, Pitavastatin, Rosuvastatin, Pravastatin, Atorvastatin, Pravastatin, Lipitor, Rosuvastatin, Rosuvastatin, Lipitor, Rosuvastatin, Atorvastatin, Zetia, Lipitor, Ezetimibe, Livalo, Atorvastatin"
83,"High Cholesterol, Familial Heterozygous","Atorvastatin, Zetia, Ezetimibe, Lipitor"
84,Hirsutism,"Eflornithine, Eflornithine, Vaniqa, Spironolactone, Vaniqa"
85,Hot Flashes,"Venlafaxine, Effexor XR, Venlafaxine, Venlafaxine, Paroxetine, Venlafaxine, Effexor XR, Paxil, Paroxetine, Gabapentin, Paroxetine, Paxil, Prozac, Paroxetine, Venlafaxine, Gabapentin, Venlafaxine, Paroxetine, Venlafaxine, Effexor XR, Effexor XR, Paroxetine, Brisdelle, Venlafaxine, Venlafaxine, Effexor XR, Brisdelle, Brisdelle, Effexor XR, Venlafaxine, Venlafaxine, Gabapentin, Effexor XR, Effexor XR, Paxil"
86,Hyperhidrosis,"Aluminum chloride hexahydrate, Oxybutynin, Drysol"
87,Hyperthyroidism,"Methimazole, Tapazole"
88,Hypertriglyceridemia,Omega-3 polyunsaturated fatty acids
89,Hypoestrogenism,"Estrace Vaginal Cream, Estradiol"
90,"Hypogonadism, Male","AndroGel, AndroGel, Axiron, Testosterone, Testim, Testosterone, Testosterone, AndroGel, Testosterone, Testosterone, Testosterone, AndroGel, Testosterone, Testosterone, AndroGel, Testosterone, AndroGel, AndroGel, Testosterone"
91,"Hypothyroidism, After Thyroid Removal","Liothyronine, Levothyroxine, Levothyroxine, Levothyroxine, Levothyroxine, Levothyroxine, Synthroid, Synthroid, Armour Thyroid, Cytomel, Synthroid, Thyroid desiccated, Thyroid desiccated, Nature-Throid, Synthroid, Synthroid, Liothyronine, Levothyroxine, Synthroid"
92,Inflammatory Conditions,"Meloxicam, Methylprednisolone, Methylprednisolone, Meloxicam, Mobic, Mobic, Methylprednisolone, Meloxicam, Meloxicam, Meloxicam, Prednisone, Methylprednisolone, Mobic, Meloxicam, Meloxicam, Mobic, Depo-Medrol, Prednisone, Meloxicam, Prednisone, Mobic"
93,Insomnia,"Ambien, Trazodone, Melatonin, Lorazepam, Trazodone, Gabapentin, Restoril, Neurontin, Quetiapine, Temazepam, Zolpidem, Remeron, Dalmane, Quetiapine, Trazodone, Eszopiclone, Lorazepam, Amitriptyline, Trazodone, Doxylamine, Lorazepam, Gabapentin, Trazodone, Trazodone, Temazepam, Trazodone, Mirtazapine, Ativan, Ambien, Lorazepam, Clonazepam, Amitriptyline, Clonazepam, Remeron, Trazodone, Trazodone, Ambien, Eszopiclone, Clonazepam, Trazodone, Unisom SleepTabs, Mirtazapine, Clonazepam, Lorazepam, Amitriptyline, Mirtazapine, Mirtazapine, Amitriptyline, Mirtazapine, Clonazepam, Mirtazapine, Trazodone, Trazodone, Amitriptyline, Trazodone, Mirtazapine, Klonopin, Trazodone, Lunesta, Elavil, Elavil, Seroquel, Zolpidem, Lorazepam, Quetiapine, Trazodone, Trazodone, Trazodone, Amitriptyline, Amitriptyline, Remeron, Trazodone, Ambien, Klonopin, Lunesta, Trazodone, Quetiapine, Trazodone, Clonazepam, Clonazepam, Trazodone, Sonata, Amitriptyline, Amitriptyline, Ativan, Neurontin, Trazodone, Unisom SleepTabs, Mirtazapine, Trazodone, Trazodone, Flurazepam, Restoril, Amitriptyline, Temazepam, Temazepam, Trazodone, Lorazepam, Clonazepam, Doxepin, Quetiapine, Ambien, Seroquel XR, Melatonin, Ramelteon, Ativan, Lorazepam, Ativan, Mirtazapine, Elavil, Trazodone, Temazepam, Trazodone, Quetiapine, Seroquel, Quetiapine, Trazodone, Restoril, Mirtazapine, Lorazepam, Lorazepam, Temazepam, Doxylamine, Trazodone, Trazodone, Silenor, Klonopin, Mirtazapine, Ativan, Zolpidem, Lorazepam, Trazodone, Zaleplon, Clonazepam, Ativan, Trazodone, Clonazepam, Doxepin, Lorazepam, Elavil, Ativan, Temazepam, Amitriptyline, Trazodone, Quetiapine, Doxylamine, Amitriptyline, Clonazepam, Doxepin, Ambien, Doxepin, Lorazepam, Trazodone, Trazodone, Trazodone, Rozerem, Trazodone, Unisom SleepTabs, Amitriptyline, Trazodone, Clonazepam, Trazodone, Klonopin, Trazodone, Mirtazapine, Trazodone, Neurontin, Trazodone, Mirtazapine, Clonazepam, Clonazepam, Lorazepam, Amitriptyline, Trazodone, Zolpidem"
94,Insulin Resistance Syndrome,"Metformin, Metformin, Metformin, Metformin, Metformin, Glucophage"
95,Iron Deficiency Anemia,"Slow Fe, Ferrous sulfate"
96,Irritable Bowel Syndrome,"Linaclotide, Bentyl, Lubiprostone, Xifaxan, Amitriptyline, Dicyclomine, Rifaximin, Bentyl, Bentyl, Bentyl, Dicyclomine, Dicyclomine, Bentyl, Dicyclomine, Rifaximin, Amitriptyline, Rifaximin, Linzess, Xifaxan, Acidophilus, Amitriptyline, Linzess, Amitiza, Bentyl, Linaclotide, Bentyl, Dicyclomine, Amitriptyline, Dicyclomine, Xifaxan, Dicyclomine, Bentyl, Bentyl, Dicyclomine"
97,Ischemic Stroke,"Plavix, Clopidogrel"
98,Keratosis,"Fluorouracil, Carac, Carac, Fluorouracil, Fluorouracil, Fluorouracil, Fluorouracil, Fluorouracil, Carac, Efudex, Efudex, Efudex, Efudex, Efudex, Fluorouracil, Efudex, Fluorouracil"
99,Macular Degeneration,Eylea
100,Major Depressive Disorde,"Viibryd, Wellbutrin XL, Vortioxetine, Wellbutrin XL, Viibryd, Zoloft, Bupropion, Levomilnacipran, Vilazodone, Wellbutrin XL, Sertraline, Bupropion, Wellbutrin, Zoloft, Wellbutrin XL, Mirtazapine, Bupropion, Viibryd, Vortioxetine, Vortioxetine, Remeron, Zoloft, Vilazodone, Trintellix, Sertraline, Vilazodone, Bupropion, Wellbutrin, Bupropion, Wellbutrin XL, Escitalopram, Bupropion, Bupropion, Wellbutrin, Lexapro, Remeron, Bupropion, Vilazodone, Trintellix, Wellbutrin, Prozac"
101,Menorrhagia,"Tranexamic acid, Lysteda, Tranexamic acid, Lysteda, Lysteda, Tranexamic acid, Lysteda, Tranexamic acid"
102,Menstrual Disorders,"Tranexamic acid, Loestrin 24 Fe, Ethinyl estradiol / norethindrone, Lysteda"
103,Migraine,"Acetaminophen / aspirin / caffeine, Gabapentin, Gabapentin, Neurontin, Gabapentin, Gabapentin"
104,Migraine Prevention,"Amlodipine, Pamelor, Botox, OnabotulinumtoxinA, Amitriptyline, Propranolol, Amitriptyline, Topiramate, Amitriptyline, Topiramate, Amitriptyline, Nortriptyline, Nortriptyline, Amitriptyline, Elavil, Inderal, OnabotulinumtoxinA, Botox, Nortriptyline, Nortriptyline"
105,Mild Cognitive Impairment,Aricept ODT
106,Multiple Sclerosis,"Ampyra, Tysabri, Glatiramer, Natalizumab, Gilenya, Glatiramer, Dalfampridine, Ampyra, Fingolimod, Fingolimod, Ampyra, Gilenya, Natalizumab, Natalizumab, Dalfampridine, Fingolimod, Ampyra, Dalfampridine, Ampyra, Tysabri, Gilenya, Dalfampridine, Gilenya, Tysabri, Ampyra, Gilenya"
107,Muscle Spasm,"Carisoprodol, Diazepam, Zanaflex, Soma, Methocarbamol, Metaxalone, Flexeril, Flexeril, Valium, Soma, Chlorzoxazone, Carisoprodol, Carisoprodol, Carisoprodol, Robaxin, Carisoprodol, Soma, Carisoprodol, Cyclobenzaprine, Carisoprodol, Soma, Baclofen, Valium, Zanaflex, Flexeril, Zanaflex, Tizanidine, Soma, Soma, Carisoprodol, Tizanidine, Robaxin, Baclofen, Diazepam, Lioresal, Zanaflex, Methocarbamol, Valium, Diazepam, Tizanidine, Cyclobenzaprine, Tizanidine, Flexeril, Skelaxin, Zanaflex, Zanaflex, Tizanidine, Methocarbamol, Valium, Cyclobenzaprine, Valium, Carisoprodol, Soma, Tizanidine, Zanaflex, Diazepam, Carisoprodol, Cyclobenzaprine, Zanaflex, Valium, Zanaflex, Carisoprodol, Carisoprodol, Soma, Valium, Tizanidine, Soma, Robaxin, Soma, Tizanidine, Methocarbamol, Methocarbamol, Zanaflex, Skelaxin, Robaxin, Metaxalone, Soma, Flexeril, Zanaflex, Cyclobenzaprine, Zanaflex, Valium, Flexeril, Valium, Soma, Methocarbamol, Cyclobenzaprine, Robaxin, Chlorzoxazone, Zanaflex, Cyclobenzaprine, Tizanidine, Zanaflex, Soma, Diazepam, Zanaflex, Robaxin-750, Tizanidine, Methocarbamol, Diazepam, Cyclobenzaprine, Cyclobenzaprine, Diazepam, Carisoprodol, Baclofen, Cyclobenzaprine, Tizanidine, Carisoprodol, Zanaflex, Robaxin, Tizanidine, Methocarbamol, Soma, Soma, Zanaflex, Tizanidine, Tizanidine, Soma, Tizanidine, Soma, Flexeril, Baclofen, Zanaflex, Baclofen, Methocarbamol, Soma, Baclofen, Lorzone, Carisoprodol"
108,Narcolepsy,"Modafinil, Adderall, Adderall, Xyrem, Ritalin, Amphetamine / dextroamphetamine, Amphetamine / dextroamphetamine, Amphetamine / dextroamphetamine, Methylphenidate, Provigil, Adderall"
109,Nausea/Vomiting,"Diphenhydramine, Benadryl, Hydroxyzine"
110,Neuropathic Pain,"Lyrica, Lyrica, Pregabalin, Pregabalin, Lyrica"
111,Night Terrors,St. john's wort
112,Nocturnal Leg Cramps,"Carisoprodol, Carisoprodol, Soma, Soma, Soma, Carisoprodol"
113,Non-Hodgkin's Lymphoma,"Rituximab, Rituxan"
114,Non-Small Cell Lung Cance,"Erlotinib, Erlotinib, Tarceva, Tarceva, Erlotinib, Erlotinib, Tarceva, Tarceva, Erlotinib, Erlotinib, Erlotinib, Bevacizumab, Tarceva, Tarceva, Tarceva, Erlotinib, Tarceva, Erlotinib, Erlotinib, Avastin"
115,Obesity,"Topiramate, Topiramate, Phendimetrazine, Diethylpropion, Contrave, Orlistat, Lorcaserin, Belviq, Bupropion / naltrexone, Lorcaserin, Orlistat, Tenuate, Bupropion / naltrexone, Phendimetrazine, Belviq, Topiramate, Belviq, Orlistat, Contrave, Contrave, Lorcaserin, Bupropion / naltrexone, Xenical, Belviq, Belviq, Tenuate, Topiramate, Bupropion / naltrexone, Phendimetrazine, Contrave, Contrave, Lorcaserin, Orlistat, Orlistat, Orlistat, Bontril Slow Release, Alli, Topiramate, Phentermine / topiramate, Lorcaserin, Liraglutide, Contrave, Topamax, Diethylpropion, Lorcaserin, Bupropion / naltrexone, Liraglutide, Diethylpropion, Topiramate, Topiramate, Lorcaserin, Qsymia, Xenical, Belviq, Xenical, Lorcaserin, Topiramate, Topiramate, Lorcaserin, Adipex-P, Orlistat, Alli, Alli, Topiramate, Victoza, Xenical, Bupropion / naltrexone, Lorcaserin, Topamax, Phentermine, Belviq, Belviq, Lorcaserin, Orlistat, Desoxyn, Tenuate, Topiramate, Topamax, Bupropion / naltrexone, Belviq, Xenical, Belviq, Qsymia, Topiramate, Orlistat, Topamax, Xenical, Alli, Orlistat, Diethylpropion, Topamax, Lorcaserin, Bupropion / naltrexone, Adipex-P, Lorcaserin, Belviq, Xenical, Xenical, Xenical, Diethylpropion, Xenical, Phentermine, Topiramate, Topiramate, Topiramate, Qsymia, Diethylpropion, Phentermine / topiramate, Topamax, Contrave, Bupropion / naltrexone, Belviq, Topiramate, Lorcaserin, Contrave, Belviq, Orlistat, Belviq, Phendimetrazine, Belviq, Xenical, Victoza, Orlistat, Lorcaserin, Orlistat, Orlistat, Belviq, Topiramate, Topiramate, Lorcaserin, Topiramate, Topamax, Bupropion / naltrexone, Xenical, Bupropion / naltrexone, Tenuate, Xenical, Tenuate, Belviq, Contrave, Liraglutide, Belviq, Tenuate, Orlistat, Topamax, Topamax, Belviq, Diethylpropion, Xenical, Bupropion, Bupropion / naltrexone, Topiramate, Adipex-P, Orlistat, Contrave, Xenical, Bupropion / naltrexone, Belviq, Adipex-P, Lorcaserin, Bontril Slow Release, Topamax, Orlistat, Belviq, Belviq, Lorcaserin, Bupropion / naltrexone, Victoza, Lorcaserin, Adipex-P, Orlistat, Lorcaserin, Bontril Slow Release, Topiramate, Tenuate, Topamax, Belviq, Alli, Belviq, Alli, Alli, Topiramate, Belviq, Orlistat, Phentermine, Xenical, Phentermine / topiramate, Phentermine, Xenical, Belviq, Topamax, Diethylpropion, Xenical, Topiramate, Topiramate, Bupropion / naltrexone, Belviq, Xenical, Bupropion / naltrexone, Orlistat, Phentermine / topiramate, Alli, Bupropion, Lorcaserin, Lorcaserin, Xenical, Contrave, Lorcaserin, Belviq, Alli, Topamax, Orlistat, Phendimetrazine, Contrave, Lorcaserin, Xenical, Tenuate Dospan, Contrave, Phendimetrazine, Lorcaserin, Lorcaserin, Contrave, Lorcaserin"
116,Obsessive Compulsive Disorde,"Zoloft, Fluoxetine, Fluvoxamine, Sertraline, Luvox, Sertraline, Lexapro, Fluvoxamine, Anafranil, Paxil, Sertraline, Paxil, Prozac, Prozac, Sertraline, Lexapro, Fluoxetine, Zoloft, Fluvoxamine, Prozac, Zoloft, Paroxetine, Anafranil, Clomipramine, Fluoxetine, Clomipramine, Sertraline, Clomipramine, Prozac, Luvox, Prozac, Fluoxetine, Fluoxetine, Anafranil, Escitalopram, Clomipramine, Paroxetine, Zoloft, Fluvoxamine, Escitalopram, Luvox, Sertraline, Sertraline, Luvox, Fluoxetine, Sertraline, Paroxetine, Clomipramine, Prozac, Escitalopram, Paxil, Sertraline, Zoloft, Zoloft, Escitalopram, Luvox, Zoloft, Paroxetine, Anafranil, Clomipramine, Prozac, Prozac, Paxil, Paxil, Fluoxetine, Lexapro, Fluoxetine, Fluvoxamine"
117,Obstructive Sleep Apnea/Hypopnea Syndrome,Provigil
118,"Onychomycosis, Toenail","Terbinafine, Terbinafine, Terbinafine, Lamisil, Diflucan, Lamisil, Lamisil, Lamisil, Terbinafine, Lamisil, Lamisil, Fluconazole, Terbinafine, Lamisil, Terbinafine"
119,Opiate Dependence,"Suboxone, Vivitrol, Naltrexone, Buprenorphine / naloxone, Buprenorphine / naloxone, Vivitrol, Suboxone, Buprenorphine, Subutex, Suboxone, Naltrexone, Suboxone, Suboxone, Vivitrol, Buprenorphine, Buprenorphine / naloxone, Naltrexone, Buprenorphine / naloxone, Buprenorphine, Buprenorphine / naloxone, Suboxone, Suboxone, Vivitrol, Naltrexone, Suboxone, Suboxone, Subutex, Suboxone, Buprenorphine / naloxone, Buprenorphine / naloxone, Subutex, Buprenorphine / naloxone, Suboxone, Suboxone, Buprenorphine / naloxone, Buprenorphine / naloxone, Vivitrol, Suboxone"
120,Opiate Withdrawal,"Methadone, Clonidine, Clonidine, Clonidine, Clonidine, Clonidine, Clonidine, Methadose, Methadone, Methocarbamol, Clonidine, Clonidine, Methocarbamol, Clonidine, Clonidine, Robaxin-750, Catapres, Clonidine, Methadone, Methocarbamol, Robaxin, Catapres, Clonidine, Methadone, Clonidine, Clonidine, Clonidine, Methocarbamol, Clonidine, Clonidine, Robaxin-750, Clonidine, Clonidine, Clonidine, Clonidine, Catapres, Clonidine, Clonidine, Catapres, Methocarbamol, Clonidine, Clonidine, Clonidine, Clonidine, Clonidine, Clonidine, Methocarbamol, Robaxin, Methocarbamol"
121,Oral Thrush,Nystatin
122,Osteoarthritis,"Meloxicam, Mobic, Arthrotec, Diclofenac / misoprostol, Mobic, Voltaren Gel, Relafen, Meloxicam, Diclofenac, Relafen, Meloxicam, Meloxicam, Diclofenac, Cymbalta, Aleve, Relafen, Etodolac, Euflexxa, Voltaren Gel, Diclofenac, Mobic, Mobic, Meloxicam, Euflexxa, Mobic, Euflexxa, Nabumetone, Hyaluronan, Diclofenac, Diclofenac / misoprostol, Diclofenac, Meloxicam, Mobic, Voltaren Gel, Supartz, Meloxicam, Voltaren Gel, Voltaren, Orthovisc, Sodium hyaluronate, Meloxicam, Mobic, Pennsaid, Diclofenac, Meloxicam, Diclofenac, Mobic, Nabumetone, Celebrex, Meloxicam, Meloxicam, Meloxicam, Naproxen, Aleve, Voltaren Gel, Mobic, Meloxicam, Duloxetine, Diclofenac, Diclofenac, Mobic, Sodium hyaluronate, Meloxicam, Mobic"
123,Osteoporosis,"Denosumab, Risedronate, Prolia, Prolia, Fosamax, Teriparatide, Denosumab, Alendronate, Reclast, Forteo, Prolia, Forteo, Forteo, Forteo, Teriparatide, Forteo, Prolia, Zoledronic acid, Reclast, Denosumab, Teriparatide, Zoledronic acid, Teriparatide, Fosamax, Denosumab, Zoledronic acid, Denosumab, Teriparatide, Forteo, Denosumab, Forteo, Teriparatide, Reclast, Forteo, Teriparatide, Alendronate, Reclast, Zoledronic acid, Forteo, Prolia, Conjugated estrogens, Teriparatide, Zoledronic acid, Reclast, Forteo, Teriparatide"
124,Overactive Bladde,"Mirabegron, OnabotulinumtoxinA, Myrbetriq, Myrbetriq, Solifenacin, Botox, Mirabegron, Mirabegron, Solifenacin, Mirabegron, Myrbetriq, Botox, Myrbetriq, Solifenacin, Mirabegron, Myrbetriq, Tamsulosin, Mirabegron, VESIcare, OnabotulinumtoxinA, OnabotulinumtoxinA, Botox"
125,Ovulation Induction,"Clomiphene, Clomid, Clomid"
126,Pain,"Buprenorphine, Acetaminophen / hydrocodone, Celecoxib, Celecoxib, Vicodin, Gabapentin, Amitriptyline, Amitriptyline, Buprenorphine, Opana ER, Duragesic, Tapentadol, Duragesic, Acetaminophen / hydrocodone, Gabapentin, Morphine, Amitriptyline, Nucynta, OxyContin, Cymbalta, Ultram, Tapentadol, OxyContin, Oxycodone, Gabapentin, OxyContin, MS Contin, Ultram, Oxymorphone, MS Contin, Dolophine, Hydrocodone, OxyContin, Tramadol, Tapentadol, Acetaminophen / hydrocodone, Gabapentin, Nucynta, Amitriptyline, OxyContin, Buprenorphine, OxyContin, Percocet, Buprenorphine, Morphine, Acetaminophen / hydrocodone, Amitriptyline, Elavil, Duloxetine, Amitriptyline, Ultram ODT, Voltaren Gel, Celebrex, OxyContin, Nortriptyline, Tramadol, Acetaminophen / oxycodone, Nortriptyline, OxyContin, Acetaminophen / hydrocodone, Tramadol, Opana ER, Oxycodone, Ultram, Gabapentin, Elavil, Nortriptyline, Amitriptyline, Vicodin, Elavil, Hydrocodone, Ultram, Nortriptyline, Nortriptyline, Methadone, Duloxetine, Ultram, Lyrica, Gabapentin, Oxycodone, Elavil, Butrans, Norco, Tapentadol, Gabapentin, Percocet, Butrans, Neurontin, Oxymorphone, OxyContin, Oxycodone, Duloxetine, Amitriptyline, Oxycodone, Celebrex, Amitriptyline, Acetaminophen / tramadol, Morphine, Pregabalin, Tapentadol, Oxycodone, Methadone, MS Contin, Nortriptyline, Gabapentin, Opana, Gabapentin, Oxycodone, Amitriptyline, Morphine, OxyContin, Methadone, Lortab, Amitriptyline, Tapentadol, Ultram, Tapentadol, Nortriptyline, Hydrocodone, Amitriptyline, MS Contin, Etodolac, Butrans, Oxycodone, OxyContin, Gabapentin, Norco, Methadone, Zohydro ER, Oxycodone, OxyContin, Norco, Nortriptyline, Gabapentin, Butrans, Morphine, Nortriptyline, Nortriptyline, Buprenorphine, Nortriptyline, Amitriptyline, Zohydro ER, Amitriptyline, Oxycodone, Percocet, Nortriptyline, Ultram ER, Norco, OxyContin, Hydrocodone, Amitriptyline, Duloxetine, Tramadol, Elavil, Amitriptyline, Morphine, Oxycodone, MS Contin, Neurontin, Amitriptyline, Nucynta, Ultram, Zohydro ER, Amitriptyline, Kadian, Duloxetine, Buprenorphine, Acetaminophen / hydrocodone, Buprenorphine, Gabapentin, Norco, Ultram, OxyContin, Tapentadol, Acetaminophen / hydrocodone, Morphine, Nucynta, Tramadol, Tramadol, Nortriptyline, Pregabalin, Percocet, Pamelor, Opana, Celecoxib, Methadone, Lortab, Nortriptyline, Oxycodone, Zohydro ER, Tapentadol, Methadone, Percocet, Nortriptyline, Amitriptyline, Acetaminophen / oxycodone, Amitriptyline, OxyContin, Tramadol, Ultram, Cymbalta, Fentanyl, Nortriptyline, Elavil, Butrans, Butrans, Tramadol, Acetaminophen / oxycodone, Ultram, Amitriptyline, Oxycodone, OxyContin, Amitriptyline, Butrans, Nortriptyline, Methadone, Oxycodone, Ultram, Buprenorphine, Nortriptyline, OxyContin, Elavil, Dolophine, Amitriptyline, Lodine, Ultracet, Neurontin, Gabapentin, Methadone Diskets, Amitriptyline, Amitriptyline, Hydromorphone, Elavil, Hydromorphone, Gabapentin, Oxycodone, Amitriptyline, Gabapentin, Percocet, Dilaudid, Gabapentin, Acetaminophen / oxycodone, Amitriptyline, Oxycodone, Lyrica, Butrans, Nortriptyline, Pamelor, Voltaren Gel, OxyContin, Hydrocodone, Celecoxib, Norco, OxyContin, OxyContin, Tramadol, Elavil, Elavil, Oxycodone, Kadian, Amitriptyline, Vicodin, Methadone, Nortriptyline, Dilaudid, Nortriptyline, Gabapentin, Ultracet, Nortriptyline, Oxycodone, Elavil, Oxymorphone, Oxymorphone, Buprenorphine, Acetaminophen / hydrocodone, Buprenorphine, Hydrocodone, Tramadol, Oxymorphone, Buprenorphine, Nucynta, Gabapentin, Nortriptyline, Ultram, Amitriptyline, OxyContin, Tramadol, Duloxetine, Gabapentin, Celebrex, Acetaminophen / oxycodone, OxyContin, Fentanyl, Tramadol, Cymbalta, Buprenorphine, Nortriptyline, Morphine, Tramadol, Acetaminophen / hydrocodone, Nucynta, Oxycodone, OxyContin, Butrans, Oxycodone, Acetaminophen / hydrocodone, Opana, Vicodin, Amitriptyline, Lortab, Elavil, Amitriptyline, Dilaudid, Butrans, Gabapentin, Nortriptyline, Gabapentin, Acetaminophen / oxycodone, Oxycodone, MS Contin, Zohydro ER, Butrans, Nortriptyline, Gabapentin, Buprenorphine, Amitriptyline, Amitriptyline, Buprenorphine, Tramadol, Oxycodone, Celebrex, Gabapentin, Cymbalta, Morphine, Neurontin, Nortriptyline, Percocet, Tapentadol, Percocet, OxyContin, Nucynta, Butrans, Butrans, Oxycodone, Amitriptyline, Elavil, Opana, Nucynta, Acetaminophen / hydrocodone, Amitriptyline, Gabapentin"
127,Panic Disorde,"Xanax, Alprazolam, Zoloft, Sertraline, Xanax, Alprazolam, Imipramine, Buspirone, Clomipramine, Alprazolam, Effexor XR, Zoloft, Clonazepam, Fluoxetine, Zoloft, Xanax, BuSpar, Prozac, Klonopin, Buspirone, Buspirone, Zoloft, Klonopin, Clonazepam, Prozac, Klonopin, Sertraline, Clonazepam, Klonopin, Xanax, Lorazepam, Prozac, Clonazepam, Xanax, Wellbutrin SR, Alprazolam, Zoloft, Ativan, Clonazepam, Clonazepam, BuSpar, Zoloft, BuSpar, Fluoxetine, BuSpar, Sertraline, Fluoxetine, Klonopin, Tofranil, Imipramine, Sertraline, Sertraline, Buspirone, Prozac, Fluoxetine, Klonopin, Klonopin, Alprazolam, Alprazolam, Sertraline, Klonopin, Alprazolam, Xanax, Anafranil, Xanax, Xanax, Bupropion, Clonazepam, Sertraline, Bupropion, Clonazepam, Sertraline, Zoloft, Imipramine, Clomipramine, Venlafaxine, Alprazolam, Prozac, Citalopram, Xanax, Buspirone, Klonopin, Citalopram, Xanax, Zoloft, Alprazolam, Zoloft, Fluoxetine, Clonazepam, Prozac, Buspirone, Alprazolam, Tofranil, Zoloft, Klonopin, Citalopram, Xanax, Fluoxetine, Klonopin, Prozac, Anafranil, Klonopin, Clonazepam, Anafranil, Sertraline, Prozac, Tofranil, Lorazepam, Citalopram, Clonazepam, Clonazepam, BuSpar, Zoloft, Alprazolam, Klonopin, Sertraline, Sertraline, Zoloft, Sertraline, Klonopin, Fluoxetine, Paroxetine, Sertraline, Alprazolam, Clonazepam, Xanax, Sertraline, Wellbutrin"
128,Parkinson's Disease,"Carbidopa / levodopa, Carbidopa / levodopa, Sinemet"
129,Perimenopausal Symptoms,"Clonidine, Clonidine, Clonidine"
130,Peripheral Neuropathy,"Neurontin, Neurontin, Gabapentin, Gabapentin, Gabapentin, Gabapentin, Gabapentin, Gabapentin, Gabapentin, Gabapentin, Gabapentin, Neurontin, Gabapentin, Gabapentin, Gabapentin"
131,Photoaging of the Skin,"Tretinoin, Tretinoin, Retin-A, Tretinoin, Retin-A, Atralin, Tretinoin"
132,Plaque Psoriasis,Apremilast
133,Pneumonia,"Amoxicillin / clavulanate, Levofloxacin, Augmentin"
134,Polycystic Ovary Syndrome,"Metformin, Metformin, Metformin, Metformin, Metformin, Glucophage, Metformin, Metformin, Glucophage, Metformin"
135,Post Traumatic Stress Disorde,"Sertraline, Zoloft, Zoloft, Sertraline"
136,Postherpetic Neuralgia,"Neurontin, Gabapentin, Gabapentin, Neurontin, Neurontin"
137,Postmenopausal Symptoms,"Estradiol, Conjugated estrogens, Climara, Estradiol, Premarin, Premarin, Conjugated estrogens, Estrace, Estradiol"
138,Premenstrual Dysphoric Disorde,"Zoloft, Sarafem, Sertraline, Zoloft, Fluoxetine, Fluoxetine, Lexapro, Sertraline, Sertraline, Zoloft, Sertraline, Sarafem, Sarafem, Escitalopram"
139,Prevention of Bladder infection,"Hiprex, Nitrofurantoin, Macrodantin, Nitrofurantoin"
140,Prevention of Thromboembolism in Atrial Fibrillation,"Coumadin, Pradaxa, Dabigatran, Apixaban, Pradaxa, Warfarin, Eliquis"
141,Progesterone Insufficiency,Prometrium
142,Prostate Cance,"Leuprolide, Bicalutamide, Casodex, Lupron, Leuprolide, Zytiga, Firmagon, Leuprolide, Bicalutamide, Abiraterone, Lupron, Lupron, Leuprolide"
143,Prostatitis,"Avelox, Moxifloxacin"
144,Pseudotumor Cerebri,Acetazolamide
145,Psoriasis,"Methotrexate, Clobex, Humira, Methotrexate, Clobetasol, Adalimumab"
146,Psychosis,"Haloperidol, Haldol"
147,"Pulmonary Embolism, Recurrent Event","Rivaroxaban, Xarelto"
148,Renal Cell Carcinoma,"Pazopanib, Sunitinib, Pazopanib, Pazopanib, Votrient, Votrient, Sutent, Votrient, Votrient"
149,Restless Legs Syndrome,"Mirapex, Gabapentin, Gabapentin, Neurontin, Horizant, Gabapentin, Gabapentin, Horizant, Clonazepam, Mirapex, Clonazepam, Gabapentin enacarbil, Gabapentin enacarbil, Sinemet, Pramipexole, Klonopin, Gabapentin, Gabapentin, Neurontin, Clonazepam, Gabapentin, Neurontin, Clonazepam, Pramipexole, Gabapentin"
150,Rheumatoid Arthritis,"Naproxen, Orencia, Enbrel, Prednisone, Arava, Leflunomide, Aleve, Leflunomide, Sulfasalazine, Methotrexate, Abatacept, Adalimumab, Sulfasalazine, Prednisone, Methotrexate, Rituximab, Methotrexate, Humira, Prednisone, Acetaminophen / hydrocodone, Plaquenil, Adalimumab, Prednisone, Acetaminophen / hydrocodone, Meloxicam, Meloxicam, Methotrexate, Arava, Leflunomide, Mobic, Arava, Rituxan, Leflunomide, Celecoxib, Adalimumab, Adalimumab, Celebrex, Tocilizumab, Arava, Methotrexate, Methotrexate, Adalimumab, Hydroxychloroquine, Hydroxychloroquine, Methotrexate, Methotrexate, Methotrexate, Plaquenil, Humira, Methotrexate, Infliximab, Methotrexate, Celebrex, Plaquenil, Plaquenil, Methotrexate, Plaquenil, Adalimumab, Remicade, Tocilizumab, Methotrexate, Humira, Arava, Methotrexate, Norco, Arava, Methotrexate, Mobic, Plaquenil, Methotrexate, Plaquenil, Methotrexate, Methotrexate, Leflunomide, Sulfasalazine, Hydroxychloroquine, Leflunomide, Humira, Hydroxychloroquine, Prednisone, Leflunomide, Sulfasalazine, Hydroxychloroquine, Etanercept, Methotrexate, Hydroxychloroquine, Plaquenil"
151,Rosacea,MetroGel
152,Scabies,"Elimite, Stromectol, Permethrin, Ivermectin"
153,Schizophrenia,"Clozaril, Abilify, Clozaril, Latuda, Zyprexa, Aripiprazole, Risperdal, Lurasidone, Clozapine, Clozapine, Risperidone, Latuda, Clozapine, Lurasidone"
154,Sciatica,"Naproxen, Aleve, Diclofenac, Voltaren, Diclofenac / misoprostol, Cyclobenzaprine, Arthrotec, Flexeril, Cyclobenzaprine, Naproxen"
155,Sedation,"Trazodone, Trazodone, Phenergan, Desyrel, Phenergan, Hydroxyzine, Promethazine, Trazodone, Trazodone, Trazodone, Vistaril, Trazodone, Trazodone, Trazodone, Promethazine, Desyrel, Trazodone, Trazodone, Desyrel, Trazodone, Trazodone, Trazodone, Trazodone"
156,"Sexual Dysfunction, SSRI Induced","Buspirone, BuSpar, BuSpar, Dextroamphetamine, Sildenafil, Buspirone"
157,Shift Work Sleep Disorde,Provigil
158,Sinusitis,"Deltasone, Ceftin, Azithromycin, Cefuroxime, Levaquin, Amoxicillin / clavulanate, Clindamycin, Levofloxacin, Levaquin, Clindamycin, Prednisone, Cleocin, Cleocin, Zithromax"
159,Sjogren's Syndrome,"Hydroxychloroquine, Plaquenil, Hydroxychloroquine, Plaquenil, Plaquenil, Hydroxychloroquine"
160,Skin Cance,"Fluorouracil, Efudex, Fluorouracil, Carac, Fluorouracil, Carac"
161,Skin or Soft Tissue Infection,Cephalexin
162,Smoking Cessation,"Zyban, Chantix, Varenicline, Chantix, Varenicline, Bupropion, Chantix, Zyban, Zyban, Bupropion, Zyban, Zyban, Zyban, Bupropion, Bupropion, Bupropion, Chantix"
163,Social Anxiety Disorde,"Paroxetine, Sertraline, Zoloft, Zoloft, Zoloft, Zoloft, Zoloft, Paxil, Paroxetine, Effexor XR, Zoloft, Sertraline, Sertraline, Sertraline, Zoloft, Paxil, Zoloft, Zoloft, Sertraline, Zoloft, Zoloft, Paroxetine, Sertraline, Sertraline, Zoloft, Sertraline, Zoloft, Paxil, Sertraline, Zoloft, Sertraline, Zoloft, Sertraline, Sertraline, Zoloft, Sertraline, Sertraline, Paroxetine"
164,Stomach Ulce,"Sucralfate, Carafate"
165,Supraventricular Tachycardia,"Toprol-XL, Metoprolol, Metoprolol, Metoprolol"
166,Systemic Lupus Erythematosus,"Plaquenil, Hydroxychloroquine, Plaquenil, Hydroxychloroquine, Plaquenil"
167,Tendonitis,"Mobic, Mobic, Meloxicam, Meloxicam, Mobic"
168,Thyroid Cance,"Nature-Throid, Thyroid desiccated"
169,Tinnitus,"Alprazolam, Xanax XR, Alprazolam, Xanax, Alprazolam, Alprazolam, Xanax, Alprazolam, Alprazolam, Xanax, Xanax"
170,Trigeminal Neuralgia,"Trileptal, Gabapentin, Oxcarbazepine, Neurontin"
171,Ulcerative Colitis,"Infliximab, Remicade"
172,Underactive Thyroid,"Thyroid desiccated, Levothroid, Armour Thyroid, Thyroid desiccated, Nature-Throid, Levoxyl, Armour Thyroid, Thyroid desiccated, Levothyroxine, Nature-Throid, Cytomel, Synthroid, Levothyroxine, Levothyroxine, Armour Thyroid, Synthroid, Synthroid, Levothyroxine, Synthroid, Nature-Throid, Cytomel, Armour Thyroid, Nature-Throid, Levothyroxine, Levothyroxine, Tirosint, Thyroid desiccated, Levoxyl, Thyroid desiccated, Armour Thyroid, Liothyronine, Armour Thyroid, Levothyroxine, Synthroid, Thyroid desiccated, Armour Thyroid, Synthroid, Levothyroxine, Synthroid, Liothyronine, Armour Thyroid, Liothyronine, Armour Thyroid, Tirosint, Cytomel, Liothyronine, Thyroid desiccated, Levothyroxine, Synthroid, Armour Thyroid, Thyroid desiccated, Thyroid desiccated, Armour Thyroid, Armour Thyroid, Thyroid desiccated, Synthroid, Levothyroxine, Levothyroxine, Levothyroxine, Thyroid desiccated, Thyroid desiccated, Synthroid, Armour Thyroid, Armour Thyroid, Levothyroxine, Cytomel, Armour Thyroid, Armour Thyroid, Levothyroxine, Levothyroxine, Cytomel, Levothyroxine, Thyroid desiccated, Armour Thyroid, Nature-Throid, Levothyroxine, Armour Thyroid, Armour Thyroid, Levothyroxine, Cytomel, Thyroid desiccated, Levothyroxine, Cytomel, Synthroid, Levothyroxine, Synthroid, Armour Thyroid"
173,Upper Respiratory Tract Infection,"Amoxil, Amoxicillin, Doxycycline, Doxycycline"
174,Urinary Incontinence,"VESIcare, Oxybutynin, Mirabegron, VESIcare, Mirabegron, Solifenacin, Solifenacin, Myrbetriq, Oxytrol, Myrbetriq, Solifenacin"
175,Urinary Tract Infection,"Amoxicillin, Ciprofloxacin, Amoxil, Amoxicillin, Doxycycline, Amoxicillin, Doxycycline, Amoxicillin, Amoxicillin, Cipro, Amoxicillin, Cipro, Amoxicillin, Acidophilus, Cipro, Ciprofloxacin, Ciprofloxacin, Uribel, Uribel, Hyoscyamine / methenamine / methylene blue / phenyl salicylate / sodium biphosphate, Doxycycline, Ciprofloxacin, Amoxicillin, Cipro, Amoxicillin"
176,Urinary Tract Stones,"Flomax, Tamsulosin, Flomax"
177,Uterine Fibroids,"Lupron Depot, Leuprolide, Leuprolide, Lupron Depot, Leuprolide"
178,Vaginal Yeast Infection,"Diflucan, Fluconazole, Diflucan, Diflucan, Fluconazole, Fluconazole, Fluconazole, Fluconazole"
179,Vertig,"Bonine, Meclizine, Meclizine, Meclizine, Meclizine, Bonine, Meclizine"
180,Vitamin D Deficiency,"Ergocalciferol, Ergocalciferol, Vitamin D2, Ergocalciferol"
181,Weight Loss,"Phentermine / topiramate, Fastin, Qsymia, Qsymia, Qsymia, Phentermine, Lorcaserin, Phentermine, Lorcaserin, Lorcaserin, Lorcaserin, Qsymia, Adipex-P, Lorcaserin, Belviq, Phentermine / topiramate, Belviq, Belviq, Adipex-P, Belviq, Lorcaserin, Belviq, Belviq, Phentermine, Belviq, Phentermine, Adipex-P, Lorcaserin, Adipex-P, Adipex-P, Lorcaserin, Adipex-P, Fastin, Belviq, Qsymia, Phentermine, Lorcaserin, Fastin, Adipex-P, Belviq, Lorcaserin, Phentermine, Phentermine / topiramate, Lorcaserin, Belviq, Phentermine, Adipex-P, Phentermine, Lorcaserin, Phentermine, Lorcaserin, Belviq, Belviq, Phentermine, Lorcaserin, Lorcaserin, Lorcaserin, Adipex-P, Phentermine, Phentermine, Phentermine, Belviq, Lorcaserin, Lorcaserin, Lorcaserin, Phentermine, Phentermine, Belviq, Adipex-P, Phentermine / topiramate, Adipex-P, Lorcaserin, Belviq, Liraglutide, Phentermine, Phentermine, Belviq, Lorcaserin, Qsymia, Phentermine / topiramate, Lorcaserin, Belviq, Phentermine, Qsymia, Lorcaserin, Belviq, Phentermine, Qsymia, Qsymia, Lorcaserin, Qsymia, Lorcaserin, Adipex-P, Phentermine / topiramate, Lorcaserin, Phentermine / topiramate, Phentermine, Belviq, Phentermine, Phentermine / topiramate, Lorcaserin, Belviq, Adipex-P, Lorcaserin, Victoza, Qsymia, Belviq, Phentermine, Lorcaserin, Phentermine, Qsymia, Belviq, Lorcaserin, Victoza, Adipex-P, Qsymia, Belviq, Adipex-P, Lorcaserin, Belviq, Phentermine, Belviq, Contrave, Bupropion / naltrexone, Lorcaserin, Phentermine / topiramate, Belviq, Phentermine, Lorcaserin, Phentermine, Lorcaserin, Phentermine, Phentermine / topiramate, Belviq, Phentermine, Lorcaserin, Lorcaserin, Qsymia, Adipex-P, Phentermine, Belviq, Phentermine, Belviq, Adipex-P, Belviq, Belviq, Phentermine, Phentermine, Phentermine, Phentermine, Lorcaserin, Lorcaserin, Lorcaserin, Qsymia, Adipex-P, Adipex-P, Lorcaserin, Phentermine, Belviq, Lorcaserin, Belviq, Fastin, Phentermine / topiramate, Lorcaserin, Adipex-P, Adipex-P, Belviq, Lorcaserin, Belviq, Phentermine, Qsymia, Adipex-P, Qsymia, Adipex-P, Phentermine, Adipex-P, Fastin, Adipex-P, Belviq, Adipex-P, Adipex-P, Adipex-P, Phentermine, Belviq, Lorcaserin, Adipex-P, Belviq, Belviq, Belviq, Phentermine, Phentermine, Phentermine / topiramate, Phentermine, Adipex-P, Belviq, Belviq, Qsymia, Fastin, Phentermine, Adipex-P, Phentermine, Belviq, Lorcaserin, Qsymia, Belviq, Belviq, Adipex-P, Phentermine, Belviq, Lorcaserin, Lorcaserin, Phentermine / topiramate, Lorcaserin, Phentermine, Phentermine, Lorcaserin, Qsymia, Belviq, Qsymia, Lorcaserin, Lorcaserin, Belviq, Belviq, Lorcaserin, Phentermine, Belviq, Belviq, Belviq, Phentermine / topiramate, Adipex-P, Belviq, Qsymia, Phentermine / topiramate, Belviq, Lorcaserin, Fastin, Lorcaserin, Qsymia, Phentermine, Phentermine, Phentermine, Belviq, Lorcaserin, Phentermine, Adipex-P, Belviq, Lorcaserin, Adipex-P, Qsymia, Qsymia, Phentermine, Lorcaserin, Phentermine, Lorcaserin, Phentermine, Phentermine, Phentermine, Phentermine, Phentermine / topiramate, Phentermine / topiramate, Lorcaserin, Lorcaserin, Phentermine"
182,emale Infertility,"Clomid, Clomiphene, Clomiphene, Clomid, Clomid, Clomiphene, Clomid, Clomid, Clomiphene, Clomiphene, Clomid, Clomid, Clomid, Clomid, Clomiphene, Clomiphene, Clomiphene, Clomid"
183,ibromyalgia,"Gabapentin, Pregabalin, Milnacipran, Prednisone, Pregabalin, Savella, Gabapentin, Pregabalin, Gabapentin, Elavil, Savella, Pregabalin, Lyrica, Nuvigil, Gabapentin, Mobic, Neurontin, Lyrica, Savella, Lyrica, Gabapentin, Duloxetine, Meloxicam, Mucinex, Lyrica, Gabapentin, Milnacipran, Cymbalta, Gabapentin, Tramadol, Ultram, Savella, Gabapentin, Duloxetine, Tramadol, Tramadol, Lyrica, Cymbalta, Lyrica, Lyrica, Prozac, Lyrica, Cymbalta, Savella, Gabapentin, Pregabalin, Milnacipran, Topiramate, Pregabalin, Lyrica, Milnacipran, Guaifenesin, Savella, Savella, Duloxetine, Milnacipran, Milnacipran, Duloxetine, Savella, Tramadol, Duloxetine, Pregabalin, Mucinex, Mucinex, Milnacipran, Guaifenesin, Savella, Venlafaxine, Savella, Savella, Duloxetine, Cesamet, Gabapentin, Savella, Gabapentin, Lyrica, Lyrica, Pregabalin, Savella, Lyrica, Milnacipran, Cyclobenzaprine, Pregabalin, Amitriptyline, Mucinex, Milnacipran, Cymbalta, Fluoxetine, Milnacipran, Milnacipran, Tramadol, Mucinex, Flexeril, Guaifenesin, Gabapentin, Lyrica, Mucinex, Lyrica, Neurontin, Lyrica, Gabapentin, Pregabalin, Gabapentin, Guaifenesin, Gabapentin, Gabapentin, Topamax, Amitriptyline, Gabapentin, Lyrica, Gralise, Mucinex, Pregabalin, Mucinex, Lyrica, Gabapentin, Tramadol, Armodafinil, Gabapentin, Savella, Milnacipran, Pregabalin, Milnacipran, Pregabalin, Cymbalta, Gabapentin, Mucinex, Guaifenesin, Naltrexone, Nabilone, Tramadol, Lyrica, Tramadol, Guaifenesin"
184,lic Acid Deficiency,L-methylfolate
185,mance Anxiety,"Propranolol, Propranolol, Propranolol, Propranolol, Propranolol, Propranolol, Propranolol"
186,min),"Metformin, Metformin, Metformin, Metformin, Metformin, Metformin, Metformin, Metformin"
187,moterol),"Budesonide / formoterol, Budesonide / formoterol"
